Copyright 1986-2022 Xilinx, Inc. All Rights Reserved. Copyright 2022-2026 Advanced Micro Devices, Inc. All Rights Reserved.
------------------------------------------------------------------------------------------------------------------------------------------------------------------------------------------------------------------------------------
| Tool Version : Vivado v.2026.1 (lin64) Build 6511674 Tue Jun 16 11:01:26 MDT 2026
| Date         : Wed Oct  7 18:04:12 2026
| Host         : santiagoalasia-X510UQ running 64-bit Linux Mint 22.3
| Command      : report_timing_summary -max_paths 10 -routable_nets -report_unconstrained -file Uart_Top_timing_summary_routed.rpt -pb Uart_Top_timing_summary_routed.pb -rpx Uart_Top_timing_summary_routed.rpx -warn_on_violation
| Design       : Uart_Top
| Device       : 7a35t-cpg236
| Speed File   : -1  PRODUCTION 1.23 2018-06-13
| Design State : Routed
------------------------------------------------------------------------------------------------------------------------------------------------------------------------------------------------------------------------------------

Timing Summary Report

------------------------------------------------------------------------------------------------
| Timer Settings
| --------------
------------------------------------------------------------------------------------------------

  Enable Multi Corner Analysis               :  Yes
  Enable Pessimism Removal                   :  Yes
  Pessimism Removal Resolution               :  Nearest Common Node
  Enable Input Delay Default Clock           :  No
  Enable Preset / Clear Arcs                 :  No
  Disable Flight Delays                      :  No
  Ignore I/O Paths                           :  No
  Timing Early Launch at Borrowing Latches   :  No
  Borrow Time for Max Delay Exceptions       :  Yes
  Merge Timing Exceptions                    :  Yes
  Inter-SLR Compensation                     :  Conservative

  Corner  Analyze    Analyze    
  Name    Max Paths  Min Paths  
  ------  ---------  ---------  
  Slow    Yes        Yes        
  Fast    Yes        Yes        


------------------------------------------------------------------------------------------------
| Report Methodology
| ------------------
------------------------------------------------------------------------------------------------

Rule       Severity  Description                    Violations  
---------  --------  -----------------------------  ----------  
TIMING-18  Warning   Missing input or output delay  11          

Note: This report is based on the most recent report_methodology run and may not be up-to-date. Run report_methodology on the current design for the latest report.



check_timing report

Table of Contents
-----------------
1. checking no_clock (0)
2. checking constant_clock (0)
3. checking pulse_width_clock (0)
4. checking unconstrained_internal_endpoints (0)
5. checking no_input_delay (2)
6. checking no_output_delay (9)
7. checking multiple_clock (0)
8. checking generated_clocks (0)
9. checking loops (0)
10. checking partial_input_delay (0)
11. checking partial_output_delay (0)
12. checking latch_loops (0)

1. checking no_clock (0)
------------------------
 There are 0 register/latch pins with no clock.


2. checking constant_clock (0)
------------------------------
 There are 0 register/latch pins with constant_clock.


3. checking pulse_width_clock (0)
---------------------------------
 There are 0 register/latch pins which need pulse_width check


4. checking unconstrained_internal_endpoints (0)
------------------------------------------------
 There are 0 pins that are not constrained for maximum delay.

 There are 0 pins that are not constrained for maximum delay due to constant clock.


5. checking no_input_delay (2)
------------------------------
 There are 2 input ports with no input delay specified. (HIGH)

 There are 0 input ports with no input delay but user has a false path constraint.


6. checking no_output_delay (9)
-------------------------------
 There are 9 ports with no output delay specified. (HIGH)

 There are 0 ports with no output delay but user has a false path constraint

 There are 0 ports with no output delay but with a timing clock defined on it or propagating through it


7. checking multiple_clock (0)
------------------------------
 There are 0 register/latch pins with multiple clocks.


8. checking generated_clocks (0)
--------------------------------
 There are 0 generated clocks that are not connected to a clock source.


9. checking loops (0)
---------------------
 There are 0 combinational loops in the design.


10. checking partial_input_delay (0)
------------------------------------
 There are 0 input ports with partial input delay specified.


11. checking partial_output_delay (0)
-------------------------------------
 There are 0 ports with partial output delay specified.


12. checking latch_loops (0)
----------------------------
 There are 0 combinational latch loops in the design through latch input



------------------------------------------------------------------------------------------------
| Design Timing Summary
| ---------------------
------------------------------------------------------------------------------------------------

    WNS(ns)      TNS(ns)  TNS Failing Endpoints  TNS Total Endpoints      WHS(ns)      THS(ns)  THS Failing Endpoints  THS Total Endpoints     WPWS(ns)     TPWS(ns)  TPWS Failing Endpoints  TPWS Total Endpoints  
    -------      -------  ---------------------  -------------------      -------      -------  ---------------------  -------------------     --------     --------  ----------------------  --------------------  
      4.647        0.000                      0                  373        0.037        0.000                      0                  373        3.750        0.000                       0                   154  


All user specified timing constraints are met.


------------------------------------------------------------------------------------------------
| Clock Summary
| -------------
------------------------------------------------------------------------------------------------

Clock        Waveform(ns)       Period(ns)      Frequency(MHz)
-----        ------------       ----------      --------------
sys_clk_pin  {0.000 5.000}      10.000          100.000         


------------------------------------------------------------------------------------------------
| Intra Clock Table
| -----------------
------------------------------------------------------------------------------------------------

Clock             WNS(ns)      TNS(ns)  TNS Failing Endpoints  TNS Total Endpoints      WHS(ns)      THS(ns)  THS Failing Endpoints  THS Total Endpoints     WPWS(ns)     TPWS(ns)  TPWS Failing Endpoints  TPWS Total Endpoints  
-----             -------      -------  ---------------------  -------------------      -------      -------  ---------------------  -------------------     --------     --------  ----------------------  --------------------  
sys_clk_pin         4.647        0.000                      0                  373        0.037        0.000                      0                  373        3.750        0.000                       0                   154  


------------------------------------------------------------------------------------------------
| Inter Clock Table
| -----------------
------------------------------------------------------------------------------------------------

From Clock    To Clock          WNS(ns)      TNS(ns)  TNS Failing Endpoints  TNS Total Endpoints      WHS(ns)      THS(ns)  THS Failing Endpoints  THS Total Endpoints  
----------    --------          -------      -------  ---------------------  -------------------      -------      -------  ---------------------  -------------------  


------------------------------------------------------------------------------------------------
| Other Path Groups Table
| -----------------------
------------------------------------------------------------------------------------------------

Path Group    From Clock    To Clock          WNS(ns)      TNS(ns)  TNS Failing Endpoints  TNS Total Endpoints      WHS(ns)      THS(ns)  THS Failing Endpoints  THS Total Endpoints  
----------    ----------    --------          -------      -------  ---------------------  -------------------      -------      -------  ---------------------  -------------------  


------------------------------------------------------------------------------------------------
| User Ignored Path Table
| -----------------------
------------------------------------------------------------------------------------------------

Path Group    From Clock    To Clock    
----------    ----------    --------    


------------------------------------------------------------------------------------------------
| Unconstrained Path Table
| ------------------------
------------------------------------------------------------------------------------------------

Path Group    From Clock    To Clock    
----------    ----------    --------    
(none)        sys_clk_pin                 
(none)                      sys_clk_pin   


------------------------------------------------------------------------------------------------
| Timing Details
| --------------
------------------------------------------------------------------------------------------------


---------------------------------------------------------------------------------------------------
From Clock:  sys_clk_pin
  To Clock:  sys_clk_pin

Setup :            0  Failing Endpoints,  Worst Slack        4.647ns,  Total Violation        0.000ns
Hold  :            0  Failing Endpoints,  Worst Slack        0.037ns,  Total Violation        0.000ns
PW    :            0  Failing Endpoints,  Worst Slack        3.750ns,  Total Violation        0.000ns
---------------------------------------------------------------------------------------------------


Max Delay Paths
--------------------------------------------------------------------------------------
Slack (MET) :             4.647ns  (required time - arrival time)
  Source:                 baud_generator_inst/counter_reg[5]/C
                            (rising edge-triggered cell FDRE clocked by sys_clk_pin  {rise@0.000ns fall@5.000ns period=10.000ns})
  Destination:            baud_generator_inst/counter_reg[2]/R
                            (rising edge-triggered cell FDRE clocked by sys_clk_pin  {rise@0.000ns fall@5.000ns period=10.000ns})
  Path Group:             sys_clk_pin
  Path Type:              Setup (Max at Slow Process Corner)
  Requirement:            10.000ns  (sys_clk_pin rise@10.000ns - sys_clk_pin rise@0.000ns)
  Data Path Delay:        4.563ns  (logic 1.084ns (23.756%)  route 3.479ns (76.244%))
  Logic Levels:           3  (LUT2=1 LUT4=1 LUT6=1)
  Clock Path Skew:        -0.022ns (DCD - SCD + CPR)
    Destination Clock Delay (DCD):    4.786ns = ( 14.786 - 10.000 ) 
    Source Clock Delay      (SCD):    5.085ns
    Clock Pessimism Removal (CPR):    0.277ns
  Clock Uncertainty:      0.035ns  ((TSJ^2 + TIJ^2)^1/2 + DJ) / 2 + PE
    Total System Jitter     (TSJ):    0.071ns
    Total Input Jitter      (TIJ):    0.000ns
    Discrete Jitter          (DJ):    0.000ns
    Phase Error              (PE):    0.000ns

    Location             Delay type                Incr(ns)  Path(ns)    Netlist Resource(s)
  -------------------------------------------------------------------    -------------------
                         (clock sys_clk_pin rise edge)
                                                      0.000     0.000 r  <hidden>
    W5                                                0.000     0.000 r  clk
                         net (fo=0)                   0.000     0.000    clk
    W5                   IBUF (Prop_ibuf_I_O)         1.458     1.458 r  clk_IBUF_inst/O
                         net (fo=1, routed)           1.967     3.425    clk_IBUF
    BUFGCTRL_X0Y0        BUFG (Prop_bufg_I_O)         0.096     3.521 r  clk_IBUF_BUFG_inst/O
                         net (fo=153, routed)         1.564     5.085    baud_generator_inst/clk_IBUF_BUFG
    SLICE_X9Y14          FDRE                                         r  baud_generator_inst/counter_reg[5]/C
  -------------------------------------------------------------------    -------------------
    SLICE_X9Y14          FDRE (Prop_fdre_C_Q)         0.456     5.541 f  baud_generator_inst/counter_reg[5]/Q
                         net (fo=5, routed)           1.102     6.643    baud_generator_inst/counter_reg[5]
    SLICE_X8Y14          LUT6 (Prop_lut6_I2_O)        0.124     6.767 f  baud_generator_inst/FSM_sequential_state_reg[1]_i_4/O
                         net (fo=1, routed)           0.680     7.447    baud_generator_inst/FSM_sequential_state_reg[1]_i_4_n_0
    SLICE_X8Y14          LUT4 (Prop_lut4_I3_O)        0.150     7.597 r  baud_generator_inst/FSM_sequential_state_reg[1]_i_2/O
                         net (fo=11, routed)          0.985     8.582    baud_generator_inst/counter_reg[1]_0
    SLICE_X4Y13          LUT2 (Prop_lut2_I1_O)        0.354     8.936 r  baud_generator_inst/counter[8]_i_1/O
                         net (fo=9, routed)           0.712     9.648    baud_generator_inst/counter[8]_i_1_n_0
    SLICE_X8Y14          FDRE                                         r  baud_generator_inst/counter_reg[2]/R
  -------------------------------------------------------------------    -------------------

                         (clock sys_clk_pin rise edge)
                                                     10.000    10.000 r  <hidden>
    W5                                                0.000    10.000 r  clk
                         net (fo=0)                   0.000    10.000    clk
    W5                   IBUF (Prop_ibuf_I_O)         1.388    11.388 r  clk_IBUF_inst/O
                         net (fo=1, routed)           1.862    13.250    clk_IBUF
    BUFGCTRL_X0Y0        BUFG (Prop_bufg_I_O)         0.091    13.341 r  clk_IBUF_BUFG_inst/O
                         net (fo=153, routed)         1.445    14.786    baud_generator_inst/clk_IBUF_BUFG
    SLICE_X8Y14          FDRE                                         r  baud_generator_inst/counter_reg[2]/C
                         clock pessimism              0.277    15.063    <hidden>
                         clock uncertainty           -0.035    15.028    <hidden>
    SLICE_X8Y14          FDRE (Setup_fdre_C_R)       -0.732    14.296    baud_generator_inst/counter_reg[2]
  -------------------------------------------------------------------
                         required time                         14.296    <hidden>
                         arrival time                          -9.648    <hidden>
  -------------------------------------------------------------------
                         slack                                  4.647    <hidden>

Slack (MET) :             4.647ns  (required time - arrival time)
  Source:                 baud_generator_inst/counter_reg[5]/C
                            (rising edge-triggered cell FDRE clocked by sys_clk_pin  {rise@0.000ns fall@5.000ns period=10.000ns})
  Destination:            baud_generator_inst/counter_reg[6]/R
                            (rising edge-triggered cell FDRE clocked by sys_clk_pin  {rise@0.000ns fall@5.000ns period=10.000ns})
  Path Group:             sys_clk_pin
  Path Type:              Setup (Max at Slow Process Corner)
  Requirement:            10.000ns  (sys_clk_pin rise@10.000ns - sys_clk_pin rise@0.000ns)
  Data Path Delay:        4.563ns  (logic 1.084ns (23.756%)  route 3.479ns (76.244%))
  Logic Levels:           3  (LUT2=1 LUT4=1 LUT6=1)
  Clock Path Skew:        -0.022ns (DCD - SCD + CPR)
    Destination Clock Delay (DCD):    4.786ns = ( 14.786 - 10.000 ) 
    Source Clock Delay      (SCD):    5.085ns
    Clock Pessimism Removal (CPR):    0.277ns
  Clock Uncertainty:      0.035ns  ((TSJ^2 + TIJ^2)^1/2 + DJ) / 2 + PE
    Total System Jitter     (TSJ):    0.071ns
    Total Input Jitter      (TIJ):    0.000ns
    Discrete Jitter          (DJ):    0.000ns
    Phase Error              (PE):    0.000ns

    Location             Delay type                Incr(ns)  Path(ns)    Netlist Resource(s)
  -------------------------------------------------------------------    -------------------
                         (clock sys_clk_pin rise edge)
                                                      0.000     0.000 r  <hidden>
    W5                                                0.000     0.000 r  clk
                         net (fo=0)                   0.000     0.000    clk
    W5                   IBUF (Prop_ibuf_I_O)         1.458     1.458 r  clk_IBUF_inst/O
                         net (fo=1, routed)           1.967     3.425    clk_IBUF
    BUFGCTRL_X0Y0        BUFG (Prop_bufg_I_O)         0.096     3.521 r  clk_IBUF_BUFG_inst/O
                         net (fo=153, routed)         1.564     5.085    baud_generator_inst/clk_IBUF_BUFG
    SLICE_X9Y14          FDRE                                         r  baud_generator_inst/counter_reg[5]/C
  -------------------------------------------------------------------    -------------------
    SLICE_X9Y14          FDRE (Prop_fdre_C_Q)         0.456     5.541 f  baud_generator_inst/counter_reg[5]/Q
                         net (fo=5, routed)           1.102     6.643    baud_generator_inst/counter_reg[5]
    SLICE_X8Y14          LUT6 (Prop_lut6_I2_O)        0.124     6.767 f  baud_generator_inst/FSM_sequential_state_reg[1]_i_4/O
                         net (fo=1, routed)           0.680     7.447    baud_generator_inst/FSM_sequential_state_reg[1]_i_4_n_0
    SLICE_X8Y14          LUT4 (Prop_lut4_I3_O)        0.150     7.597 r  baud_generator_inst/FSM_sequential_state_reg[1]_i_2/O
                         net (fo=11, routed)          0.985     8.582    baud_generator_inst/counter_reg[1]_0
    SLICE_X4Y13          LUT2 (Prop_lut2_I1_O)        0.354     8.936 r  baud_generator_inst/counter[8]_i_1/O
                         net (fo=9, routed)           0.712     9.648    baud_generator_inst/counter[8]_i_1_n_0
    SLICE_X8Y14          FDRE                                         r  baud_generator_inst/counter_reg[6]/R
  -------------------------------------------------------------------    -------------------

                         (clock sys_clk_pin rise edge)
                                                     10.000    10.000 r  <hidden>
    W5                                                0.000    10.000 r  clk
                         net (fo=0)                   0.000    10.000    clk
    W5                   IBUF (Prop_ibuf_I_O)         1.388    11.388 r  clk_IBUF_inst/O
                         net (fo=1, routed)           1.862    13.250    clk_IBUF
    BUFGCTRL_X0Y0        BUFG (Prop_bufg_I_O)         0.091    13.341 r  clk_IBUF_BUFG_inst/O
                         net (fo=153, routed)         1.445    14.786    baud_generator_inst/clk_IBUF_BUFG
    SLICE_X8Y14          FDRE                                         r  baud_generator_inst/counter_reg[6]/C
                         clock pessimism              0.277    15.063    <hidden>
                         clock uncertainty           -0.035    15.028    <hidden>
    SLICE_X8Y14          FDRE (Setup_fdre_C_R)       -0.732    14.296    baud_generator_inst/counter_reg[6]
  -------------------------------------------------------------------
                         required time                         14.296    <hidden>
                         arrival time                          -9.648    <hidden>
  -------------------------------------------------------------------
                         slack                                  4.647    <hidden>

Slack (MET) :             4.647ns  (required time - arrival time)
  Source:                 baud_generator_inst/counter_reg[5]/C
                            (rising edge-triggered cell FDRE clocked by sys_clk_pin  {rise@0.000ns fall@5.000ns period=10.000ns})
  Destination:            baud_generator_inst/counter_reg[7]/R
                            (rising edge-triggered cell FDRE clocked by sys_clk_pin  {rise@0.000ns fall@5.000ns period=10.000ns})
  Path Group:             sys_clk_pin
  Path Type:              Setup (Max at Slow Process Corner)
  Requirement:            10.000ns  (sys_clk_pin rise@10.000ns - sys_clk_pin rise@0.000ns)
  Data Path Delay:        4.563ns  (logic 1.084ns (23.756%)  route 3.479ns (76.244%))
  Logic Levels:           3  (LUT2=1 LUT4=1 LUT6=1)
  Clock Path Skew:        -0.022ns (DCD - SCD + CPR)
    Destination Clock Delay (DCD):    4.786ns = ( 14.786 - 10.000 ) 
    Source Clock Delay      (SCD):    5.085ns
    Clock Pessimism Removal (CPR):    0.277ns
  Clock Uncertainty:      0.035ns  ((TSJ^2 + TIJ^2)^1/2 + DJ) / 2 + PE
    Total System Jitter     (TSJ):    0.071ns
    Total Input Jitter      (TIJ):    0.000ns
    Discrete Jitter          (DJ):    0.000ns
    Phase Error              (PE):    0.000ns

    Location             Delay type                Incr(ns)  Path(ns)    Netlist Resource(s)
  -------------------------------------------------------------------    -------------------
                         (clock sys_clk_pin rise edge)
                                                      0.000     0.000 r  <hidden>
    W5                                                0.000     0.000 r  clk
                         net (fo=0)                   0.000     0.000    clk
    W5                   IBUF (Prop_ibuf_I_O)         1.458     1.458 r  clk_IBUF_inst/O
                         net (fo=1, routed)           1.967     3.425    clk_IBUF
    BUFGCTRL_X0Y0        BUFG (Prop_bufg_I_O)         0.096     3.521 r  clk_IBUF_BUFG_inst/O
                         net (fo=153, routed)         1.564     5.085    baud_generator_inst/clk_IBUF_BUFG
    SLICE_X9Y14          FDRE                                         r  baud_generator_inst/counter_reg[5]/C
  -------------------------------------------------------------------    -------------------
    SLICE_X9Y14          FDRE (Prop_fdre_C_Q)         0.456     5.541 f  baud_generator_inst/counter_reg[5]/Q
                         net (fo=5, routed)           1.102     6.643    baud_generator_inst/counter_reg[5]
    SLICE_X8Y14          LUT6 (Prop_lut6_I2_O)        0.124     6.767 f  baud_generator_inst/FSM_sequential_state_reg[1]_i_4/O
                         net (fo=1, routed)           0.680     7.447    baud_generator_inst/FSM_sequential_state_reg[1]_i_4_n_0
    SLICE_X8Y14          LUT4 (Prop_lut4_I3_O)        0.150     7.597 r  baud_generator_inst/FSM_sequential_state_reg[1]_i_2/O
                         net (fo=11, routed)          0.985     8.582    baud_generator_inst/counter_reg[1]_0
    SLICE_X4Y13          LUT2 (Prop_lut2_I1_O)        0.354     8.936 r  baud_generator_inst/counter[8]_i_1/O
                         net (fo=9, routed)           0.712     9.648    baud_generator_inst/counter[8]_i_1_n_0
    SLICE_X8Y14          FDRE                                         r  baud_generator_inst/counter_reg[7]/R
  -------------------------------------------------------------------    -------------------

                         (clock sys_clk_pin rise edge)
                                                     10.000    10.000 r  <hidden>
    W5                                                0.000    10.000 r  clk
                         net (fo=0)                   0.000    10.000    clk
    W5                   IBUF (Prop_ibuf_I_O)         1.388    11.388 r  clk_IBUF_inst/O
                         net (fo=1, routed)           1.862    13.250    clk_IBUF
    BUFGCTRL_X0Y0        BUFG (Prop_bufg_I_O)         0.091    13.341 r  clk_IBUF_BUFG_inst/O
                         net (fo=153, routed)         1.445    14.786    baud_generator_inst/clk_IBUF_BUFG
    SLICE_X8Y14          FDRE                                         r  baud_generator_inst/counter_reg[7]/C
                         clock pessimism              0.277    15.063    <hidden>
                         clock uncertainty           -0.035    15.028    <hidden>
    SLICE_X8Y14          FDRE (Setup_fdre_C_R)       -0.732    14.296    baud_generator_inst/counter_reg[7]
  -------------------------------------------------------------------
                         required time                         14.296    <hidden>
                         arrival time                          -9.648    <hidden>
  -------------------------------------------------------------------
                         slack                                  4.647    <hidden>

Slack (MET) :             4.647ns  (required time - arrival time)
  Source:                 baud_generator_inst/counter_reg[5]/C
                            (rising edge-triggered cell FDRE clocked by sys_clk_pin  {rise@0.000ns fall@5.000ns period=10.000ns})
  Destination:            baud_generator_inst/counter_reg[8]/R
                            (rising edge-triggered cell FDRE clocked by sys_clk_pin  {rise@0.000ns fall@5.000ns period=10.000ns})
  Path Group:             sys_clk_pin
  Path Type:              Setup (Max at Slow Process Corner)
  Requirement:            10.000ns  (sys_clk_pin rise@10.000ns - sys_clk_pin rise@0.000ns)
  Data Path Delay:        4.563ns  (logic 1.084ns (23.756%)  route 3.479ns (76.244%))
  Logic Levels:           3  (LUT2=1 LUT4=1 LUT6=1)
  Clock Path Skew:        -0.022ns (DCD - SCD + CPR)
    Destination Clock Delay (DCD):    4.786ns = ( 14.786 - 10.000 ) 
    Source Clock Delay      (SCD):    5.085ns
    Clock Pessimism Removal (CPR):    0.277ns
  Clock Uncertainty:      0.035ns  ((TSJ^2 + TIJ^2)^1/2 + DJ) / 2 + PE
    Total System Jitter     (TSJ):    0.071ns
    Total Input Jitter      (TIJ):    0.000ns
    Discrete Jitter          (DJ):    0.000ns
    Phase Error              (PE):    0.000ns

    Location             Delay type                Incr(ns)  Path(ns)    Netlist Resource(s)
  -------------------------------------------------------------------    -------------------
                         (clock sys_clk_pin rise edge)
                                                      0.000     0.000 r  <hidden>
    W5                                                0.000     0.000 r  clk
                         net (fo=0)                   0.000     0.000    clk
    W5                   IBUF (Prop_ibuf_I_O)         1.458     1.458 r  clk_IBUF_inst/O
                         net (fo=1, routed)           1.967     3.425    clk_IBUF
    BUFGCTRL_X0Y0        BUFG (Prop_bufg_I_O)         0.096     3.521 r  clk_IBUF_BUFG_inst/O
                         net (fo=153, routed)         1.564     5.085    baud_generator_inst/clk_IBUF_BUFG
    SLICE_X9Y14          FDRE                                         r  baud_generator_inst/counter_reg[5]/C
  -------------------------------------------------------------------    -------------------
    SLICE_X9Y14          FDRE (Prop_fdre_C_Q)         0.456     5.541 f  baud_generator_inst/counter_reg[5]/Q
                         net (fo=5, routed)           1.102     6.643    baud_generator_inst/counter_reg[5]
    SLICE_X8Y14          LUT6 (Prop_lut6_I2_O)        0.124     6.767 f  baud_generator_inst/FSM_sequential_state_reg[1]_i_4/O
                         net (fo=1, routed)           0.680     7.447    baud_generator_inst/FSM_sequential_state_reg[1]_i_4_n_0
    SLICE_X8Y14          LUT4 (Prop_lut4_I3_O)        0.150     7.597 r  baud_generator_inst/FSM_sequential_state_reg[1]_i_2/O
                         net (fo=11, routed)          0.985     8.582    baud_generator_inst/counter_reg[1]_0
    SLICE_X4Y13          LUT2 (Prop_lut2_I1_O)        0.354     8.936 r  baud_generator_inst/counter[8]_i_1/O
                         net (fo=9, routed)           0.712     9.648    baud_generator_inst/counter[8]_i_1_n_0
    SLICE_X8Y14          FDRE                                         r  baud_generator_inst/counter_reg[8]/R
  -------------------------------------------------------------------    -------------------

                         (clock sys_clk_pin rise edge)
                                                     10.000    10.000 r  <hidden>
    W5                                                0.000    10.000 r  clk
                         net (fo=0)                   0.000    10.000    clk
    W5                   IBUF (Prop_ibuf_I_O)         1.388    11.388 r  clk_IBUF_inst/O
                         net (fo=1, routed)           1.862    13.250    clk_IBUF
    BUFGCTRL_X0Y0        BUFG (Prop_bufg_I_O)         0.091    13.341 r  clk_IBUF_BUFG_inst/O
                         net (fo=153, routed)         1.445    14.786    baud_generator_inst/clk_IBUF_BUFG
    SLICE_X8Y14          FDRE                                         r  baud_generator_inst/counter_reg[8]/C
                         clock pessimism              0.277    15.063    <hidden>
                         clock uncertainty           -0.035    15.028    <hidden>
    SLICE_X8Y14          FDRE (Setup_fdre_C_R)       -0.732    14.296    baud_generator_inst/counter_reg[8]
  -------------------------------------------------------------------
                         required time                         14.296    <hidden>
                         arrival time                          -9.648    <hidden>
  -------------------------------------------------------------------
                         slack                                  4.647    <hidden>

Slack (MET) :             4.764ns  (required time - arrival time)
  Source:                 baud_generator_inst/counter_reg[5]/C
                            (rising edge-triggered cell FDRE clocked by sys_clk_pin  {rise@0.000ns fall@5.000ns period=10.000ns})
  Destination:            baud_generator_inst/counter_reg[0]/R
                            (rising edge-triggered cell FDRE clocked by sys_clk_pin  {rise@0.000ns fall@5.000ns period=10.000ns})
  Path Group:             sys_clk_pin
  Path Type:              Setup (Max at Slow Process Corner)
  Requirement:            10.000ns  (sys_clk_pin rise@10.000ns - sys_clk_pin rise@0.000ns)
  Data Path Delay:        4.563ns  (logic 1.084ns (23.756%)  route 3.479ns (76.244%))
  Logic Levels:           3  (LUT2=1 LUT4=1 LUT6=1)
  Clock Path Skew:        0.000ns (DCD - SCD + CPR)
    Destination Clock Delay (DCD):    4.786ns = ( 14.786 - 10.000 ) 
    Source Clock Delay      (SCD):    5.085ns
    Clock Pessimism Removal (CPR):    0.299ns
  Clock Uncertainty:      0.035ns  ((TSJ^2 + TIJ^2)^1/2 + DJ) / 2 + PE
    Total System Jitter     (TSJ):    0.071ns
    Total Input Jitter      (TIJ):    0.000ns
    Discrete Jitter          (DJ):    0.000ns
    Phase Error              (PE):    0.000ns

    Location             Delay type                Incr(ns)  Path(ns)    Netlist Resource(s)
  -------------------------------------------------------------------    -------------------
                         (clock sys_clk_pin rise edge)
                                                      0.000     0.000 r  <hidden>
    W5                                                0.000     0.000 r  clk
                         net (fo=0)                   0.000     0.000    clk
    W5                   IBUF (Prop_ibuf_I_O)         1.458     1.458 r  clk_IBUF_inst/O
                         net (fo=1, routed)           1.967     3.425    clk_IBUF
    BUFGCTRL_X0Y0        BUFG (Prop_bufg_I_O)         0.096     3.521 r  clk_IBUF_BUFG_inst/O
                         net (fo=153, routed)         1.564     5.085    baud_generator_inst/clk_IBUF_BUFG
    SLICE_X9Y14          FDRE                                         r  baud_generator_inst/counter_reg[5]/C
  -------------------------------------------------------------------    -------------------
    SLICE_X9Y14          FDRE (Prop_fdre_C_Q)         0.456     5.541 f  baud_generator_inst/counter_reg[5]/Q
                         net (fo=5, routed)           1.102     6.643    baud_generator_inst/counter_reg[5]
    SLICE_X8Y14          LUT6 (Prop_lut6_I2_O)        0.124     6.767 f  baud_generator_inst/FSM_sequential_state_reg[1]_i_4/O
                         net (fo=1, routed)           0.680     7.447    baud_generator_inst/FSM_sequential_state_reg[1]_i_4_n_0
    SLICE_X8Y14          LUT4 (Prop_lut4_I3_O)        0.150     7.597 r  baud_generator_inst/FSM_sequential_state_reg[1]_i_2/O
                         net (fo=11, routed)          0.985     8.582    baud_generator_inst/counter_reg[1]_0
    SLICE_X4Y13          LUT2 (Prop_lut2_I1_O)        0.354     8.936 r  baud_generator_inst/counter[8]_i_1/O
                         net (fo=9, routed)           0.712     9.648    baud_generator_inst/counter[8]_i_1_n_0
    SLICE_X9Y14          FDRE                                         r  baud_generator_inst/counter_reg[0]/R
  -------------------------------------------------------------------    -------------------

                         (clock sys_clk_pin rise edge)
                                                     10.000    10.000 r  <hidden>
    W5                                                0.000    10.000 r  clk
                         net (fo=0)                   0.000    10.000    clk
    W5                   IBUF (Prop_ibuf_I_O)         1.388    11.388 r  clk_IBUF_inst/O
                         net (fo=1, routed)           1.862    13.250    clk_IBUF
    BUFGCTRL_X0Y0        BUFG (Prop_bufg_I_O)         0.091    13.341 r  clk_IBUF_BUFG_inst/O
                         net (fo=153, routed)         1.445    14.786    baud_generator_inst/clk_IBUF_BUFG
    SLICE_X9Y14          FDRE                                         r  baud_generator_inst/counter_reg[0]/C
                         clock pessimism              0.299    15.085    <hidden>
                         clock uncertainty           -0.035    15.050    <hidden>
    SLICE_X9Y14          FDRE (Setup_fdre_C_R)       -0.637    14.413    baud_generator_inst/counter_reg[0]
  -------------------------------------------------------------------
                         required time                         14.413    <hidden>
                         arrival time                          -9.648    <hidden>
  -------------------------------------------------------------------
                         slack                                  4.764    <hidden>

Slack (MET) :             4.764ns  (required time - arrival time)
  Source:                 baud_generator_inst/counter_reg[5]/C
                            (rising edge-triggered cell FDRE clocked by sys_clk_pin  {rise@0.000ns fall@5.000ns period=10.000ns})
  Destination:            baud_generator_inst/counter_reg[1]/R
                            (rising edge-triggered cell FDRE clocked by sys_clk_pin  {rise@0.000ns fall@5.000ns period=10.000ns})
  Path Group:             sys_clk_pin
  Path Type:              Setup (Max at Slow Process Corner)
  Requirement:            10.000ns  (sys_clk_pin rise@10.000ns - sys_clk_pin rise@0.000ns)
  Data Path Delay:        4.563ns  (logic 1.084ns (23.756%)  route 3.479ns (76.244%))
  Logic Levels:           3  (LUT2=1 LUT4=1 LUT6=1)
  Clock Path Skew:        0.000ns (DCD - SCD + CPR)
    Destination Clock Delay (DCD):    4.786ns = ( 14.786 - 10.000 ) 
    Source Clock Delay      (SCD):    5.085ns
    Clock Pessimism Removal (CPR):    0.299ns
  Clock Uncertainty:      0.035ns  ((TSJ^2 + TIJ^2)^1/2 + DJ) / 2 + PE
    Total System Jitter     (TSJ):    0.071ns
    Total Input Jitter      (TIJ):    0.000ns
    Discrete Jitter          (DJ):    0.000ns
    Phase Error              (PE):    0.000ns

    Location             Delay type                Incr(ns)  Path(ns)    Netlist Resource(s)
  -------------------------------------------------------------------    -------------------
                         (clock sys_clk_pin rise edge)
                                                      0.000     0.000 r  <hidden>
    W5                                                0.000     0.000 r  clk
                         net (fo=0)                   0.000     0.000    clk
    W5                   IBUF (Prop_ibuf_I_O)         1.458     1.458 r  clk_IBUF_inst/O
                         net (fo=1, routed)           1.967     3.425    clk_IBUF
    BUFGCTRL_X0Y0        BUFG (Prop_bufg_I_O)         0.096     3.521 r  clk_IBUF_BUFG_inst/O
                         net (fo=153, routed)         1.564     5.085    baud_generator_inst/clk_IBUF_BUFG
    SLICE_X9Y14          FDRE                                         r  baud_generator_inst/counter_reg[5]/C
  -------------------------------------------------------------------    -------------------
    SLICE_X9Y14          FDRE (Prop_fdre_C_Q)         0.456     5.541 f  baud_generator_inst/counter_reg[5]/Q
                         net (fo=5, routed)           1.102     6.643    baud_generator_inst/counter_reg[5]
    SLICE_X8Y14          LUT6 (Prop_lut6_I2_O)        0.124     6.767 f  baud_generator_inst/FSM_sequential_state_reg[1]_i_4/O
                         net (fo=1, routed)           0.680     7.447    baud_generator_inst/FSM_sequential_state_reg[1]_i_4_n_0
    SLICE_X8Y14          LUT4 (Prop_lut4_I3_O)        0.150     7.597 r  baud_generator_inst/FSM_sequential_state_reg[1]_i_2/O
                         net (fo=11, routed)          0.985     8.582    baud_generator_inst/counter_reg[1]_0
    SLICE_X4Y13          LUT2 (Prop_lut2_I1_O)        0.354     8.936 r  baud_generator_inst/counter[8]_i_1/O
                         net (fo=9, routed)           0.712     9.648    baud_generator_inst/counter[8]_i_1_n_0
    SLICE_X9Y14          FDRE                                         r  baud_generator_inst/counter_reg[1]/R
  -------------------------------------------------------------------    -------------------

                         (clock sys_clk_pin rise edge)
                                                     10.000    10.000 r  <hidden>
    W5                                                0.000    10.000 r  clk
                         net (fo=0)                   0.000    10.000    clk
    W5                   IBUF (Prop_ibuf_I_O)         1.388    11.388 r  clk_IBUF_inst/O
                         net (fo=1, routed)           1.862    13.250    clk_IBUF
    BUFGCTRL_X0Y0        BUFG (Prop_bufg_I_O)         0.091    13.341 r  clk_IBUF_BUFG_inst/O
                         net (fo=153, routed)         1.445    14.786    baud_generator_inst/clk_IBUF_BUFG
    SLICE_X9Y14          FDRE                                         r  baud_generator_inst/counter_reg[1]/C
                         clock pessimism              0.299    15.085    <hidden>
                         clock uncertainty           -0.035    15.050    <hidden>
    SLICE_X9Y14          FDRE (Setup_fdre_C_R)       -0.637    14.413    baud_generator_inst/counter_reg[1]
  -------------------------------------------------------------------
                         required time                         14.413    <hidden>
                         arrival time                          -9.648    <hidden>
  -------------------------------------------------------------------
                         slack                                  4.764    <hidden>

Slack (MET) :             4.764ns  (required time - arrival time)
  Source:                 baud_generator_inst/counter_reg[5]/C
                            (rising edge-triggered cell FDRE clocked by sys_clk_pin  {rise@0.000ns fall@5.000ns period=10.000ns})
  Destination:            baud_generator_inst/counter_reg[3]/R
                            (rising edge-triggered cell FDRE clocked by sys_clk_pin  {rise@0.000ns fall@5.000ns period=10.000ns})
  Path Group:             sys_clk_pin
  Path Type:              Setup (Max at Slow Process Corner)
  Requirement:            10.000ns  (sys_clk_pin rise@10.000ns - sys_clk_pin rise@0.000ns)
  Data Path Delay:        4.563ns  (logic 1.084ns (23.756%)  route 3.479ns (76.244%))
  Logic Levels:           3  (LUT2=1 LUT4=1 LUT6=1)
  Clock Path Skew:        0.000ns (DCD - SCD + CPR)
    Destination Clock Delay (DCD):    4.786ns = ( 14.786 - 10.000 ) 
    Source Clock Delay      (SCD):    5.085ns
    Clock Pessimism Removal (CPR):    0.299ns
  Clock Uncertainty:      0.035ns  ((TSJ^2 + TIJ^2)^1/2 + DJ) / 2 + PE
    Total System Jitter     (TSJ):    0.071ns
    Total Input Jitter      (TIJ):    0.000ns
    Discrete Jitter          (DJ):    0.000ns
    Phase Error              (PE):    0.000ns

    Location             Delay type                Incr(ns)  Path(ns)    Netlist Resource(s)
  -------------------------------------------------------------------    -------------------
                         (clock sys_clk_pin rise edge)
                                                      0.000     0.000 r  <hidden>
    W5                                                0.000     0.000 r  clk
                         net (fo=0)                   0.000     0.000    clk
    W5                   IBUF (Prop_ibuf_I_O)         1.458     1.458 r  clk_IBUF_inst/O
                         net (fo=1, routed)           1.967     3.425    clk_IBUF
    BUFGCTRL_X0Y0        BUFG (Prop_bufg_I_O)         0.096     3.521 r  clk_IBUF_BUFG_inst/O
                         net (fo=153, routed)         1.564     5.085    baud_generator_inst/clk_IBUF_BUFG
    SLICE_X9Y14          FDRE                                         r  baud_generator_inst/counter_reg[5]/C
  -------------------------------------------------------------------    -------------------
    SLICE_X9Y14          FDRE (Prop_fdre_C_Q)         0.456     5.541 f  baud_generator_inst/counter_reg[5]/Q
                         net (fo=5, routed)           1.102     6.643    baud_generator_inst/counter_reg[5]
    SLICE_X8Y14          LUT6 (Prop_lut6_I2_O)        0.124     6.767 f  baud_generator_inst/FSM_sequential_state_reg[1]_i_4/O
                         net (fo=1, routed)           0.680     7.447    baud_generator_inst/FSM_sequential_state_reg[1]_i_4_n_0
    SLICE_X8Y14          LUT4 (Prop_lut4_I3_O)        0.150     7.597 r  baud_generator_inst/FSM_sequential_state_reg[1]_i_2/O
                         net (fo=11, routed)          0.985     8.582    baud_generator_inst/counter_reg[1]_0
    SLICE_X4Y13          LUT2 (Prop_lut2_I1_O)        0.354     8.936 r  baud_generator_inst/counter[8]_i_1/O
                         net (fo=9, routed)           0.712     9.648    baud_generator_inst/counter[8]_i_1_n_0
    SLICE_X9Y14          FDRE                                         r  baud_generator_inst/counter_reg[3]/R
  -------------------------------------------------------------------    -------------------

                         (clock sys_clk_pin rise edge)
                                                     10.000    10.000 r  <hidden>
    W5                                                0.000    10.000 r  clk
                         net (fo=0)                   0.000    10.000    clk
    W5                   IBUF (Prop_ibuf_I_O)         1.388    11.388 r  clk_IBUF_inst/O
                         net (fo=1, routed)           1.862    13.250    clk_IBUF
    BUFGCTRL_X0Y0        BUFG (Prop_bufg_I_O)         0.091    13.341 r  clk_IBUF_BUFG_inst/O
                         net (fo=153, routed)         1.445    14.786    baud_generator_inst/clk_IBUF_BUFG
    SLICE_X9Y14          FDRE                                         r  baud_generator_inst/counter_reg[3]/C
                         clock pessimism              0.299    15.085    <hidden>
                         clock uncertainty           -0.035    15.050    <hidden>
    SLICE_X9Y14          FDRE (Setup_fdre_C_R)       -0.637    14.413    baud_generator_inst/counter_reg[3]
  -------------------------------------------------------------------
                         required time                         14.413    <hidden>
                         arrival time                          -9.648    <hidden>
  -------------------------------------------------------------------
                         slack                                  4.764    <hidden>

Slack (MET) :             4.764ns  (required time - arrival time)
  Source:                 baud_generator_inst/counter_reg[5]/C
                            (rising edge-triggered cell FDRE clocked by sys_clk_pin  {rise@0.000ns fall@5.000ns period=10.000ns})
  Destination:            baud_generator_inst/counter_reg[4]/R
                            (rising edge-triggered cell FDRE clocked by sys_clk_pin  {rise@0.000ns fall@5.000ns period=10.000ns})
  Path Group:             sys_clk_pin
  Path Type:              Setup (Max at Slow Process Corner)
  Requirement:            10.000ns  (sys_clk_pin rise@10.000ns - sys_clk_pin rise@0.000ns)
  Data Path Delay:        4.563ns  (logic 1.084ns (23.756%)  route 3.479ns (76.244%))
  Logic Levels:           3  (LUT2=1 LUT4=1 LUT6=1)
  Clock Path Skew:        0.000ns (DCD - SCD + CPR)
    Destination Clock Delay (DCD):    4.786ns = ( 14.786 - 10.000 ) 
    Source Clock Delay      (SCD):    5.085ns
    Clock Pessimism Removal (CPR):    0.299ns
  Clock Uncertainty:      0.035ns  ((TSJ^2 + TIJ^2)^1/2 + DJ) / 2 + PE
    Total System Jitter     (TSJ):    0.071ns
    Total Input Jitter      (TIJ):    0.000ns
    Discrete Jitter          (DJ):    0.000ns
    Phase Error              (PE):    0.000ns

    Location             Delay type                Incr(ns)  Path(ns)    Netlist Resource(s)
  -------------------------------------------------------------------    -------------------
                         (clock sys_clk_pin rise edge)
                                                      0.000     0.000 r  <hidden>
    W5                                                0.000     0.000 r  clk
                         net (fo=0)                   0.000     0.000    clk
    W5                   IBUF (Prop_ibuf_I_O)         1.458     1.458 r  clk_IBUF_inst/O
                         net (fo=1, routed)           1.967     3.425    clk_IBUF
    BUFGCTRL_X0Y0        BUFG (Prop_bufg_I_O)         0.096     3.521 r  clk_IBUF_BUFG_inst/O
                         net (fo=153, routed)         1.564     5.085    baud_generator_inst/clk_IBUF_BUFG
    SLICE_X9Y14          FDRE                                         r  baud_generator_inst/counter_reg[5]/C
  -------------------------------------------------------------------    -------------------
    SLICE_X9Y14          FDRE (Prop_fdre_C_Q)         0.456     5.541 f  baud_generator_inst/counter_reg[5]/Q
                         net (fo=5, routed)           1.102     6.643    baud_generator_inst/counter_reg[5]
    SLICE_X8Y14          LUT6 (Prop_lut6_I2_O)        0.124     6.767 f  baud_generator_inst/FSM_sequential_state_reg[1]_i_4/O
                         net (fo=1, routed)           0.680     7.447    baud_generator_inst/FSM_sequential_state_reg[1]_i_4_n_0
    SLICE_X8Y14          LUT4 (Prop_lut4_I3_O)        0.150     7.597 r  baud_generator_inst/FSM_sequential_state_reg[1]_i_2/O
                         net (fo=11, routed)          0.985     8.582    baud_generator_inst/counter_reg[1]_0
    SLICE_X4Y13          LUT2 (Prop_lut2_I1_O)        0.354     8.936 r  baud_generator_inst/counter[8]_i_1/O
                         net (fo=9, routed)           0.712     9.648    baud_generator_inst/counter[8]_i_1_n_0
    SLICE_X9Y14          FDRE                                         r  baud_generator_inst/counter_reg[4]/R
  -------------------------------------------------------------------    -------------------

                         (clock sys_clk_pin rise edge)
                                                     10.000    10.000 r  <hidden>
    W5                                                0.000    10.000 r  clk
                         net (fo=0)                   0.000    10.000    clk
    W5                   IBUF (Prop_ibuf_I_O)         1.388    11.388 r  clk_IBUF_inst/O
                         net (fo=1, routed)           1.862    13.250    clk_IBUF
    BUFGCTRL_X0Y0        BUFG (Prop_bufg_I_O)         0.091    13.341 r  clk_IBUF_BUFG_inst/O
                         net (fo=153, routed)         1.445    14.786    baud_generator_inst/clk_IBUF_BUFG
    SLICE_X9Y14          FDRE                                         r  baud_generator_inst/counter_reg[4]/C
                         clock pessimism              0.299    15.085    <hidden>
                         clock uncertainty           -0.035    15.050    <hidden>
    SLICE_X9Y14          FDRE (Setup_fdre_C_R)       -0.637    14.413    baud_generator_inst/counter_reg[4]
  -------------------------------------------------------------------
                         required time                         14.413    <hidden>
                         arrival time                          -9.648    <hidden>
  -------------------------------------------------------------------
                         slack                                  4.764    <hidden>

Slack (MET) :             4.764ns  (required time - arrival time)
  Source:                 baud_generator_inst/counter_reg[5]/C
                            (rising edge-triggered cell FDRE clocked by sys_clk_pin  {rise@0.000ns fall@5.000ns period=10.000ns})
  Destination:            baud_generator_inst/counter_reg[5]/R
                            (rising edge-triggered cell FDRE clocked by sys_clk_pin  {rise@0.000ns fall@5.000ns period=10.000ns})
  Path Group:             sys_clk_pin
  Path Type:              Setup (Max at Slow Process Corner)
  Requirement:            10.000ns  (sys_clk_pin rise@10.000ns - sys_clk_pin rise@0.000ns)
  Data Path Delay:        4.563ns  (logic 1.084ns (23.756%)  route 3.479ns (76.244%))
  Logic Levels:           3  (LUT2=1 LUT4=1 LUT6=1)
  Clock Path Skew:        0.000ns (DCD - SCD + CPR)
    Destination Clock Delay (DCD):    4.786ns = ( 14.786 - 10.000 ) 
    Source Clock Delay      (SCD):    5.085ns
    Clock Pessimism Removal (CPR):    0.299ns
  Clock Uncertainty:      0.035ns  ((TSJ^2 + TIJ^2)^1/2 + DJ) / 2 + PE
    Total System Jitter     (TSJ):    0.071ns
    Total Input Jitter      (TIJ):    0.000ns
    Discrete Jitter          (DJ):    0.000ns
    Phase Error              (PE):    0.000ns

    Location             Delay type                Incr(ns)  Path(ns)    Netlist Resource(s)
  -------------------------------------------------------------------    -------------------
                         (clock sys_clk_pin rise edge)
                                                      0.000     0.000 r  <hidden>
    W5                                                0.000     0.000 r  clk
                         net (fo=0)                   0.000     0.000    clk
    W5                   IBUF (Prop_ibuf_I_O)         1.458     1.458 r  clk_IBUF_inst/O
                         net (fo=1, routed)           1.967     3.425    clk_IBUF
    BUFGCTRL_X0Y0        BUFG (Prop_bufg_I_O)         0.096     3.521 r  clk_IBUF_BUFG_inst/O
                         net (fo=153, routed)         1.564     5.085    baud_generator_inst/clk_IBUF_BUFG
    SLICE_X9Y14          FDRE                                         r  baud_generator_inst/counter_reg[5]/C
  -------------------------------------------------------------------    -------------------
    SLICE_X9Y14          FDRE (Prop_fdre_C_Q)         0.456     5.541 f  baud_generator_inst/counter_reg[5]/Q
                         net (fo=5, routed)           1.102     6.643    baud_generator_inst/counter_reg[5]
    SLICE_X8Y14          LUT6 (Prop_lut6_I2_O)        0.124     6.767 f  baud_generator_inst/FSM_sequential_state_reg[1]_i_4/O
                         net (fo=1, routed)           0.680     7.447    baud_generator_inst/FSM_sequential_state_reg[1]_i_4_n_0
    SLICE_X8Y14          LUT4 (Prop_lut4_I3_O)        0.150     7.597 r  baud_generator_inst/FSM_sequential_state_reg[1]_i_2/O
                         net (fo=11, routed)          0.985     8.582    baud_generator_inst/counter_reg[1]_0
    SLICE_X4Y13          LUT2 (Prop_lut2_I1_O)        0.354     8.936 r  baud_generator_inst/counter[8]_i_1/O
                         net (fo=9, routed)           0.712     9.648    baud_generator_inst/counter[8]_i_1_n_0
    SLICE_X9Y14          FDRE                                         r  baud_generator_inst/counter_reg[5]/R
  -------------------------------------------------------------------    -------------------

                         (clock sys_clk_pin rise edge)
                                                     10.000    10.000 r  <hidden>
    W5                                                0.000    10.000 r  clk
                         net (fo=0)                   0.000    10.000    clk
    W5                   IBUF (Prop_ibuf_I_O)         1.388    11.388 r  clk_IBUF_inst/O
                         net (fo=1, routed)           1.862    13.250    clk_IBUF
    BUFGCTRL_X0Y0        BUFG (Prop_bufg_I_O)         0.091    13.341 r  clk_IBUF_BUFG_inst/O
                         net (fo=153, routed)         1.445    14.786    baud_generator_inst/clk_IBUF_BUFG
    SLICE_X9Y14          FDRE                                         r  baud_generator_inst/counter_reg[5]/C
                         clock pessimism              0.299    15.085    <hidden>
                         clock uncertainty           -0.035    15.050    <hidden>
    SLICE_X9Y14          FDRE (Setup_fdre_C_R)       -0.637    14.413    baud_generator_inst/counter_reg[5]
  -------------------------------------------------------------------
                         required time                         14.413    <hidden>
                         arrival time                          -9.648    <hidden>
  -------------------------------------------------------------------
                         slack                                  4.764    <hidden>

Slack (MET) :             5.014ns  (required time - arrival time)
  Source:                 baud_generator_inst/counter_reg[5]/C
                            (rising edge-triggered cell FDRE clocked by sys_clk_pin  {rise@0.000ns fall@5.000ns period=10.000ns})
  Destination:            uart_rx_inst/FSM_sequential_state_reg[0]/D
                            (rising edge-triggered cell FDRE clocked by sys_clk_pin  {rise@0.000ns fall@5.000ns period=10.000ns})
  Path Group:             sys_clk_pin
  Path Type:              Setup (Max at Slow Process Corner)
  Requirement:            10.000ns  (sys_clk_pin rise@10.000ns - sys_clk_pin rise@0.000ns)
  Data Path Delay:        5.005ns  (logic 1.418ns (28.330%)  route 3.587ns (71.670%))
  Logic Levels:           4  (LUT4=1 LUT5=1 LUT6=2)
  Clock Path Skew:        -0.026ns (DCD - SCD + CPR)
    Destination Clock Delay (DCD):    4.785ns = ( 14.785 - 10.000 ) 
    Source Clock Delay      (SCD):    5.085ns
    Clock Pessimism Removal (CPR):    0.274ns
  Clock Uncertainty:      0.035ns  ((TSJ^2 + TIJ^2)^1/2 + DJ) / 2 + PE
    Total System Jitter     (TSJ):    0.071ns
    Total Input Jitter      (TIJ):    0.000ns
    Discrete Jitter          (DJ):    0.000ns
    Phase Error              (PE):    0.000ns

    Location             Delay type                Incr(ns)  Path(ns)    Netlist Resource(s)
  -------------------------------------------------------------------    -------------------
                         (clock sys_clk_pin rise edge)
                                                      0.000     0.000 r  <hidden>
    W5                                                0.000     0.000 r  clk
                         net (fo=0)                   0.000     0.000    clk
    W5                   IBUF (Prop_ibuf_I_O)         1.458     1.458 r  clk_IBUF_inst/O
                         net (fo=1, routed)           1.967     3.425    clk_IBUF
    BUFGCTRL_X0Y0        BUFG (Prop_bufg_I_O)         0.096     3.521 r  clk_IBUF_BUFG_inst/O
                         net (fo=153, routed)         1.564     5.085    baud_generator_inst/clk_IBUF_BUFG
    SLICE_X9Y14          FDRE                                         r  baud_generator_inst/counter_reg[5]/C
  -------------------------------------------------------------------    -------------------
    SLICE_X9Y14          FDRE (Prop_fdre_C_Q)         0.456     5.541 f  baud_generator_inst/counter_reg[5]/Q
                         net (fo=5, routed)           1.102     6.643    baud_generator_inst/counter_reg[5]
    SLICE_X8Y14          LUT6 (Prop_lut6_I2_O)        0.124     6.767 f  baud_generator_inst/FSM_sequential_state_reg[1]_i_4/O
                         net (fo=1, routed)           0.680     7.447    baud_generator_inst/FSM_sequential_state_reg[1]_i_4_n_0
    SLICE_X8Y14          LUT4 (Prop_lut4_I3_O)        0.150     7.597 r  baud_generator_inst/FSM_sequential_state_reg[1]_i_2/O
                         net (fo=11, routed)          1.094     8.691    uart_rx_inst/ticks_reg[0]_0
    SLICE_X7Y15          LUT5 (Prop_lut5_I0_O)        0.356     9.047 r  uart_rx_inst/shift[7]_i_1/O
                         net (fo=13, routed)          0.711     9.759    uart_rx_inst/shift_next[0]
    SLICE_X8Y15          LUT6 (Prop_lut6_I1_O)        0.332    10.091 r  uart_rx_inst/FSM_sequential_state[0]_i_1/O
                         net (fo=1, routed)           0.000    10.091    uart_rx_inst/FSM_sequential_state[0]_i_1_n_0
    SLICE_X8Y15          FDRE                                         r  uart_rx_inst/FSM_sequential_state_reg[0]/D
  -------------------------------------------------------------------    -------------------

                         (clock sys_clk_pin rise edge)
                                                     10.000    10.000 r  <hidden>
    W5                                                0.000    10.000 r  clk
                         net (fo=0)                   0.000    10.000    clk
    W5                   IBUF (Prop_ibuf_I_O)         1.388    11.388 r  clk_IBUF_inst/O
                         net (fo=1, routed)           1.862    13.250    clk_IBUF
    BUFGCTRL_X0Y0        BUFG (Prop_bufg_I_O)         0.091    13.341 r  clk_IBUF_BUFG_inst/O
                         net (fo=153, routed)         1.444    14.785    uart_rx_inst/clk_IBUF_BUFG
    SLICE_X8Y15          FDRE                                         r  uart_rx_inst/FSM_sequential_state_reg[0]/C
                         clock pessimism              0.274    15.059    <hidden>
                         clock uncertainty           -0.035    15.024    <hidden>
    SLICE_X8Y15          FDRE (Setup_fdre_C_D)        0.081    15.105    uart_rx_inst/FSM_sequential_state_reg[0]
  -------------------------------------------------------------------
                         required time                         15.105    <hidden>
                         arrival time                         -10.091    <hidden>
  -------------------------------------------------------------------
                         slack                                  5.014    <hidden>





Min Delay Paths
--------------------------------------------------------------------------------------
Slack (MET) :             0.037ns  (arrival time - required time)
  Source:                 uart_rx_inst/shift_reg[0]/C
                            (rising edge-triggered cell FDRE clocked by sys_clk_pin  {rise@0.000ns fall@5.000ns period=10.000ns})
  Destination:            fifo_rx_inst/mem_reg_0_15_0_5/RAMA/I
                            (rising edge-triggered cell RAMD32 clocked by sys_clk_pin  {rise@0.000ns fall@5.000ns period=10.000ns})
  Path Group:             sys_clk_pin
  Path Type:              Hold (Min at Fast Process Corner)
  Requirement:            0.000ns  (sys_clk_pin rise@0.000ns - sys_clk_pin rise@0.000ns)
  Data Path Delay:        0.197ns  (logic 0.141ns (71.611%)  route 0.056ns (28.389%))
  Logic Levels:           0  
  Clock Path Skew:        0.013ns (DCD - SCD - CPR)
    Destination Clock Delay (DCD):    1.982ns
    Source Clock Delay      (SCD):    1.469ns
    Clock Pessimism Removal (CPR):    0.500ns

    Location             Delay type                Incr(ns)  Path(ns)    Netlist Resource(s)
  -------------------------------------------------------------------    -------------------
                         (clock sys_clk_pin rise edge)
                                                      0.000     0.000 r  <hidden>
    W5                                                0.000     0.000 r  clk
                         net (fo=0)                   0.000     0.000    clk
    W5                   IBUF (Prop_ibuf_I_O)         0.226     0.226 r  clk_IBUF_inst/O
                         net (fo=1, routed)           0.631     0.858    clk_IBUF
    BUFGCTRL_X0Y0        BUFG (Prop_bufg_I_O)         0.026     0.884 r  clk_IBUF_BUFG_inst/O
                         net (fo=153, routed)         0.586     1.469    uart_rx_inst/clk_IBUF_BUFG
    SLICE_X7Y18          FDRE                                         r  uart_rx_inst/shift_reg[0]/C
  -------------------------------------------------------------------    -------------------
    SLICE_X7Y18          FDRE (Prop_fdre_C_Q)         0.141     1.610 r  uart_rx_inst/shift_reg[0]/Q
                         net (fo=1, routed)           0.056     1.666    fifo_rx_inst/mem_reg_0_15_0_5/DIA0
    SLICE_X6Y18          RAMD32                                       r  fifo_rx_inst/mem_reg_0_15_0_5/RAMA/I
  -------------------------------------------------------------------    -------------------

                         (clock sys_clk_pin rise edge)
                                                      0.000     0.000 r  <hidden>
    W5                                                0.000     0.000 r  clk
                         net (fo=0)                   0.000     0.000    clk
    W5                   IBUF (Prop_ibuf_I_O)         0.414     0.414 r  clk_IBUF_inst/O
                         net (fo=1, routed)           0.685     1.099    clk_IBUF
    BUFGCTRL_X0Y0        BUFG (Prop_bufg_I_O)         0.029     1.128 r  clk_IBUF_BUFG_inst/O
                         net (fo=153, routed)         0.855     1.982    fifo_rx_inst/mem_reg_0_15_0_5/WCLK
    SLICE_X6Y18          RAMD32                                       r  fifo_rx_inst/mem_reg_0_15_0_5/RAMA/CLK
                         clock pessimism             -0.500     1.482    <hidden>
    SLICE_X6Y18          RAMD32 (Hold_ramd32_CLK_I)
                                                      0.147     1.629    fifo_rx_inst/mem_reg_0_15_0_5/RAMA
  -------------------------------------------------------------------
                         required time                         -1.629    <hidden>
                         arrival time                           1.666    <hidden>
  -------------------------------------------------------------------
                         slack                                  0.037    <hidden>

Slack (MET) :             0.066ns  (arrival time - required time)
  Source:                 fifo_tx_inst/wr_ptr_reg_reg[0]/C
                            (rising edge-triggered cell FDRE clocked by sys_clk_pin  {rise@0.000ns fall@5.000ns period=10.000ns})
  Destination:            fifo_tx_inst/mem_reg_0_15_6_7/DP/WADR0
                            (rising edge-triggered cell RAMD32 clocked by sys_clk_pin  {rise@0.000ns fall@5.000ns period=10.000ns})
  Path Group:             sys_clk_pin
  Path Type:              Hold (Min at Fast Process Corner)
  Requirement:            0.000ns  (sys_clk_pin rise@0.000ns - sys_clk_pin rise@0.000ns)
  Data Path Delay:        0.391ns  (logic 0.141ns (36.097%)  route 0.250ns (63.903%))
  Logic Levels:           0  
  Clock Path Skew:        0.015ns (DCD - SCD - CPR)
    Destination Clock Delay (DCD):    1.986ns
    Source Clock Delay      (SCD):    1.472ns
    Clock Pessimism Removal (CPR):    0.499ns

    Location             Delay type                Incr(ns)  Path(ns)    Netlist Resource(s)
  -------------------------------------------------------------------    -------------------
                         (clock sys_clk_pin rise edge)
                                                      0.000     0.000 r  <hidden>
    W5                                                0.000     0.000 r  clk
                         net (fo=0)                   0.000     0.000    clk
    W5                   IBUF (Prop_ibuf_I_O)         0.226     0.226 r  clk_IBUF_inst/O
                         net (fo=1, routed)           0.631     0.858    clk_IBUF
    BUFGCTRL_X0Y0        BUFG (Prop_bufg_I_O)         0.026     0.884 r  clk_IBUF_BUFG_inst/O
                         net (fo=153, routed)         0.589     1.472    fifo_tx_inst/clk_IBUF_BUFG
    SLICE_X1Y17          FDRE                                         r  fifo_tx_inst/wr_ptr_reg_reg[0]/C
  -------------------------------------------------------------------    -------------------
    SLICE_X1Y17          FDRE (Prop_fdre_C_Q)         0.141     1.613 r  fifo_tx_inst/wr_ptr_reg_reg[0]/Q
                         net (fo=18, routed)          0.250     1.863    fifo_tx_inst/mem_reg_0_15_6_7/A0
    SLICE_X2Y16          RAMD32                                       r  fifo_tx_inst/mem_reg_0_15_6_7/DP/WADR0
  -------------------------------------------------------------------    -------------------

                         (clock sys_clk_pin rise edge)
                                                      0.000     0.000 r  <hidden>
    W5                                                0.000     0.000 r  clk
                         net (fo=0)                   0.000     0.000    clk
    W5                   IBUF (Prop_ibuf_I_O)         0.414     0.414 r  clk_IBUF_inst/O
                         net (fo=1, routed)           0.685     1.099    clk_IBUF
    BUFGCTRL_X0Y0        BUFG (Prop_bufg_I_O)         0.029     1.128 r  clk_IBUF_BUFG_inst/O
                         net (fo=153, routed)         0.859     1.986    fifo_tx_inst/mem_reg_0_15_6_7/WCLK
    SLICE_X2Y16          RAMD32                                       r  fifo_tx_inst/mem_reg_0_15_6_7/DP/CLK
                         clock pessimism             -0.499     1.487    <hidden>
    SLICE_X2Y16          RAMD32 (Hold_ramd32_CLK_WADR0)
                                                      0.310     1.797    fifo_tx_inst/mem_reg_0_15_6_7/DP
  -------------------------------------------------------------------
                         required time                         -1.797    <hidden>
                         arrival time                           1.863    <hidden>
  -------------------------------------------------------------------
                         slack                                  0.066    <hidden>

Slack (MET) :             0.066ns  (arrival time - required time)
  Source:                 fifo_tx_inst/wr_ptr_reg_reg[0]/C
                            (rising edge-triggered cell FDRE clocked by sys_clk_pin  {rise@0.000ns fall@5.000ns period=10.000ns})
  Destination:            fifo_tx_inst/mem_reg_0_15_6_7/SP/WADR0
                            (rising edge-triggered cell RAMD32 clocked by sys_clk_pin  {rise@0.000ns fall@5.000ns period=10.000ns})
  Path Group:             sys_clk_pin
  Path Type:              Hold (Min at Fast Process Corner)
  Requirement:            0.000ns  (sys_clk_pin rise@0.000ns - sys_clk_pin rise@0.000ns)
  Data Path Delay:        0.391ns  (logic 0.141ns (36.097%)  route 0.250ns (63.903%))
  Logic Levels:           0  
  Clock Path Skew:        0.015ns (DCD - SCD - CPR)
    Destination Clock Delay (DCD):    1.986ns
    Source Clock Delay      (SCD):    1.472ns
    Clock Pessimism Removal (CPR):    0.499ns

    Location             Delay type                Incr(ns)  Path(ns)    Netlist Resource(s)
  -------------------------------------------------------------------    -------------------
                         (clock sys_clk_pin rise edge)
                                                      0.000     0.000 r  <hidden>
    W5                                                0.000     0.000 r  clk
                         net (fo=0)                   0.000     0.000    clk
    W5                   IBUF (Prop_ibuf_I_O)         0.226     0.226 r  clk_IBUF_inst/O
                         net (fo=1, routed)           0.631     0.858    clk_IBUF
    BUFGCTRL_X0Y0        BUFG (Prop_bufg_I_O)         0.026     0.884 r  clk_IBUF_BUFG_inst/O
                         net (fo=153, routed)         0.589     1.472    fifo_tx_inst/clk_IBUF_BUFG
    SLICE_X1Y17          FDRE                                         r  fifo_tx_inst/wr_ptr_reg_reg[0]/C
  -------------------------------------------------------------------    -------------------
    SLICE_X1Y17          FDRE (Prop_fdre_C_Q)         0.141     1.613 r  fifo_tx_inst/wr_ptr_reg_reg[0]/Q
                         net (fo=18, routed)          0.250     1.863    fifo_tx_inst/mem_reg_0_15_6_7/A0
    SLICE_X2Y16          RAMD32                                       r  fifo_tx_inst/mem_reg_0_15_6_7/SP/WADR0
  -------------------------------------------------------------------    -------------------

                         (clock sys_clk_pin rise edge)
                                                      0.000     0.000 r  <hidden>
    W5                                                0.000     0.000 r  clk
                         net (fo=0)                   0.000     0.000    clk
    W5                   IBUF (Prop_ibuf_I_O)         0.414     0.414 r  clk_IBUF_inst/O
                         net (fo=1, routed)           0.685     1.099    clk_IBUF
    BUFGCTRL_X0Y0        BUFG (Prop_bufg_I_O)         0.029     1.128 r  clk_IBUF_BUFG_inst/O
                         net (fo=153, routed)         0.859     1.986    fifo_tx_inst/mem_reg_0_15_6_7/WCLK
    SLICE_X2Y16          RAMD32                                       r  fifo_tx_inst/mem_reg_0_15_6_7/SP/CLK
                         clock pessimism             -0.499     1.487    <hidden>
    SLICE_X2Y16          RAMD32 (Hold_ramd32_CLK_WADR0)
                                                      0.310     1.797    fifo_tx_inst/mem_reg_0_15_6_7/SP
  -------------------------------------------------------------------
                         required time                         -1.797    <hidden>
                         arrival time                           1.863    <hidden>
  -------------------------------------------------------------------
                         slack                                  0.066    <hidden>

Slack (MET) :             0.066ns  (arrival time - required time)
  Source:                 fifo_tx_inst/wr_ptr_reg_reg[0]/C
                            (rising edge-triggered cell FDRE clocked by sys_clk_pin  {rise@0.000ns fall@5.000ns period=10.000ns})
  Destination:            fifo_tx_inst/mem_reg_0_15_6_7__0/DP/WADR0
                            (rising edge-triggered cell RAMD32 clocked by sys_clk_pin  {rise@0.000ns fall@5.000ns period=10.000ns})
  Path Group:             sys_clk_pin
  Path Type:              Hold (Min at Fast Process Corner)
  Requirement:            0.000ns  (sys_clk_pin rise@0.000ns - sys_clk_pin rise@0.000ns)
  Data Path Delay:        0.391ns  (logic 0.141ns (36.097%)  route 0.250ns (63.903%))
  Logic Levels:           0  
  Clock Path Skew:        0.015ns (DCD - SCD - CPR)
    Destination Clock Delay (DCD):    1.986ns
    Source Clock Delay      (SCD):    1.472ns
    Clock Pessimism Removal (CPR):    0.499ns

    Location             Delay type                Incr(ns)  Path(ns)    Netlist Resource(s)
  -------------------------------------------------------------------    -------------------
                         (clock sys_clk_pin rise edge)
                                                      0.000     0.000 r  <hidden>
    W5                                                0.000     0.000 r  clk
                         net (fo=0)                   0.000     0.000    clk
    W5                   IBUF (Prop_ibuf_I_O)         0.226     0.226 r  clk_IBUF_inst/O
                         net (fo=1, routed)           0.631     0.858    clk_IBUF
    BUFGCTRL_X0Y0        BUFG (Prop_bufg_I_O)         0.026     0.884 r  clk_IBUF_BUFG_inst/O
                         net (fo=153, routed)         0.589     1.472    fifo_tx_inst/clk_IBUF_BUFG
    SLICE_X1Y17          FDRE                                         r  fifo_tx_inst/wr_ptr_reg_reg[0]/C
  -------------------------------------------------------------------    -------------------
    SLICE_X1Y17          FDRE (Prop_fdre_C_Q)         0.141     1.613 r  fifo_tx_inst/wr_ptr_reg_reg[0]/Q
                         net (fo=18, routed)          0.250     1.863    fifo_tx_inst/mem_reg_0_15_6_7__0/A0
    SLICE_X2Y16          RAMD32                                       r  fifo_tx_inst/mem_reg_0_15_6_7__0/DP/WADR0
  -------------------------------------------------------------------    -------------------

                         (clock sys_clk_pin rise edge)
                                                      0.000     0.000 r  <hidden>
    W5                                                0.000     0.000 r  clk
                         net (fo=0)                   0.000     0.000    clk
    W5                   IBUF (Prop_ibuf_I_O)         0.414     0.414 r  clk_IBUF_inst/O
                         net (fo=1, routed)           0.685     1.099    clk_IBUF
    BUFGCTRL_X0Y0        BUFG (Prop_bufg_I_O)         0.029     1.128 r  clk_IBUF_BUFG_inst/O
                         net (fo=153, routed)         0.859     1.986    fifo_tx_inst/mem_reg_0_15_6_7__0/WCLK
    SLICE_X2Y16          RAMD32                                       r  fifo_tx_inst/mem_reg_0_15_6_7__0/DP/CLK
                         clock pessimism             -0.499     1.487    <hidden>
    SLICE_X2Y16          RAMD32 (Hold_ramd32_CLK_WADR0)
                                                      0.310     1.797    fifo_tx_inst/mem_reg_0_15_6_7__0/DP
  -------------------------------------------------------------------
                         required time                         -1.797    <hidden>
                         arrival time                           1.863    <hidden>
  -------------------------------------------------------------------
                         slack                                  0.066    <hidden>

Slack (MET) :             0.066ns  (arrival time - required time)
  Source:                 fifo_tx_inst/wr_ptr_reg_reg[0]/C
                            (rising edge-triggered cell FDRE clocked by sys_clk_pin  {rise@0.000ns fall@5.000ns period=10.000ns})
  Destination:            fifo_tx_inst/mem_reg_0_15_6_7__0/SP/WADR0
                            (rising edge-triggered cell RAMD32 clocked by sys_clk_pin  {rise@0.000ns fall@5.000ns period=10.000ns})
  Path Group:             sys_clk_pin
  Path Type:              Hold (Min at Fast Process Corner)
  Requirement:            0.000ns  (sys_clk_pin rise@0.000ns - sys_clk_pin rise@0.000ns)
  Data Path Delay:        0.391ns  (logic 0.141ns (36.097%)  route 0.250ns (63.903%))
  Logic Levels:           0  
  Clock Path Skew:        0.015ns (DCD - SCD - CPR)
    Destination Clock Delay (DCD):    1.986ns
    Source Clock Delay      (SCD):    1.472ns
    Clock Pessimism Removal (CPR):    0.499ns

    Location             Delay type                Incr(ns)  Path(ns)    Netlist Resource(s)
  -------------------------------------------------------------------    -------------------
                         (clock sys_clk_pin rise edge)
                                                      0.000     0.000 r  <hidden>
    W5                                                0.000     0.000 r  clk
                         net (fo=0)                   0.000     0.000    clk
    W5                   IBUF (Prop_ibuf_I_O)         0.226     0.226 r  clk_IBUF_inst/O
                         net (fo=1, routed)           0.631     0.858    clk_IBUF
    BUFGCTRL_X0Y0        BUFG (Prop_bufg_I_O)         0.026     0.884 r  clk_IBUF_BUFG_inst/O
                         net (fo=153, routed)         0.589     1.472    fifo_tx_inst/clk_IBUF_BUFG
    SLICE_X1Y17          FDRE                                         r  fifo_tx_inst/wr_ptr_reg_reg[0]/C
  -------------------------------------------------------------------    -------------------
    SLICE_X1Y17          FDRE (Prop_fdre_C_Q)         0.141     1.613 r  fifo_tx_inst/wr_ptr_reg_reg[0]/Q
                         net (fo=18, routed)          0.250     1.863    fifo_tx_inst/mem_reg_0_15_6_7__0/A0
    SLICE_X2Y16          RAMD32                                       r  fifo_tx_inst/mem_reg_0_15_6_7__0/SP/WADR0
  -------------------------------------------------------------------    -------------------

                         (clock sys_clk_pin rise edge)
                                                      0.000     0.000 r  <hidden>
    W5                                                0.000     0.000 r  clk
                         net (fo=0)                   0.000     0.000    clk
    W5                   IBUF (Prop_ibuf_I_O)         0.414     0.414 r  clk_IBUF_inst/O
                         net (fo=1, routed)           0.685     1.099    clk_IBUF
    BUFGCTRL_X0Y0        BUFG (Prop_bufg_I_O)         0.029     1.128 r  clk_IBUF_BUFG_inst/O
                         net (fo=153, routed)         0.859     1.986    fifo_tx_inst/mem_reg_0_15_6_7__0/WCLK
    SLICE_X2Y16          RAMD32                                       r  fifo_tx_inst/mem_reg_0_15_6_7__0/SP/CLK
                         clock pessimism             -0.499     1.487    <hidden>
    SLICE_X2Y16          RAMD32 (Hold_ramd32_CLK_WADR0)
                                                      0.310     1.797    fifo_tx_inst/mem_reg_0_15_6_7__0/SP
  -------------------------------------------------------------------
                         required time                         -1.797    <hidden>
                         arrival time                           1.863    <hidden>
  -------------------------------------------------------------------
                         slack                                  0.066    <hidden>

Slack (MET) :             0.086ns  (arrival time - required time)
  Source:                 fifo_rx_inst/wr_ptr_reg_reg[0]/C
                            (rising edge-triggered cell FDRE clocked by sys_clk_pin  {rise@0.000ns fall@5.000ns period=10.000ns})
  Destination:            fifo_rx_inst/mem_reg_0_15_0_5/RAMA/WADR0
                            (rising edge-triggered cell RAMD32 clocked by sys_clk_pin  {rise@0.000ns fall@5.000ns period=10.000ns})
  Path Group:             sys_clk_pin
  Path Type:              Hold (Min at Fast Process Corner)
  Requirement:            0.000ns  (sys_clk_pin rise@0.000ns - sys_clk_pin rise@0.000ns)
  Data Path Delay:        0.408ns  (logic 0.141ns (34.597%)  route 0.267ns (65.403%))
  Logic Levels:           0  
  Clock Path Skew:        0.012ns (DCD - SCD - CPR)
    Destination Clock Delay (DCD):    1.982ns
    Source Clock Delay      (SCD):    1.471ns
    Clock Pessimism Removal (CPR):    0.499ns

    Location             Delay type                Incr(ns)  Path(ns)    Netlist Resource(s)
  -------------------------------------------------------------------    -------------------
                         (clock sys_clk_pin rise edge)
                                                      0.000     0.000 r  <hidden>
    W5                                                0.000     0.000 r  clk
                         net (fo=0)                   0.000     0.000    clk
    W5                   IBUF (Prop_ibuf_I_O)         0.226     0.226 r  clk_IBUF_inst/O
                         net (fo=1, routed)           0.631     0.858    clk_IBUF
    BUFGCTRL_X0Y0        BUFG (Prop_bufg_I_O)         0.026     0.884 r  clk_IBUF_BUFG_inst/O
                         net (fo=153, routed)         0.588     1.471    fifo_rx_inst/clk_IBUF_BUFG
    SLICE_X7Y16          FDRE                                         r  fifo_rx_inst/wr_ptr_reg_reg[0]/C
  -------------------------------------------------------------------    -------------------
    SLICE_X7Y16          FDRE (Prop_fdre_C_Q)         0.141     1.612 r  fifo_rx_inst/wr_ptr_reg_reg[0]/Q
                         net (fo=18, routed)          0.267     1.879    fifo_rx_inst/mem_reg_0_15_0_5/ADDRD0
    SLICE_X6Y18          RAMD32                                       r  fifo_rx_inst/mem_reg_0_15_0_5/RAMA/WADR0
  -------------------------------------------------------------------    -------------------

                         (clock sys_clk_pin rise edge)
                                                      0.000     0.000 r  <hidden>
    W5                                                0.000     0.000 r  clk
                         net (fo=0)                   0.000     0.000    clk
    W5                   IBUF (Prop_ibuf_I_O)         0.414     0.414 r  clk_IBUF_inst/O
                         net (fo=1, routed)           0.685     1.099    clk_IBUF
    BUFGCTRL_X0Y0        BUFG (Prop_bufg_I_O)         0.029     1.128 r  clk_IBUF_BUFG_inst/O
                         net (fo=153, routed)         0.855     1.982    fifo_rx_inst/mem_reg_0_15_0_5/WCLK
    SLICE_X6Y18          RAMD32                                       r  fifo_rx_inst/mem_reg_0_15_0_5/RAMA/CLK
                         clock pessimism             -0.499     1.483    <hidden>
    SLICE_X6Y18          RAMD32 (Hold_ramd32_CLK_WADR0)
                                                      0.310     1.793    fifo_rx_inst/mem_reg_0_15_0_5/RAMA
  -------------------------------------------------------------------
                         required time                         -1.793    <hidden>
                         arrival time                           1.879    <hidden>
  -------------------------------------------------------------------
                         slack                                  0.086    <hidden>

Slack (MET) :             0.086ns  (arrival time - required time)
  Source:                 fifo_rx_inst/wr_ptr_reg_reg[0]/C
                            (rising edge-triggered cell FDRE clocked by sys_clk_pin  {rise@0.000ns fall@5.000ns period=10.000ns})
  Destination:            fifo_rx_inst/mem_reg_0_15_0_5/RAMA_D1/WADR0
                            (rising edge-triggered cell RAMD32 clocked by sys_clk_pin  {rise@0.000ns fall@5.000ns period=10.000ns})
  Path Group:             sys_clk_pin
  Path Type:              Hold (Min at Fast Process Corner)
  Requirement:            0.000ns  (sys_clk_pin rise@0.000ns - sys_clk_pin rise@0.000ns)
  Data Path Delay:        0.408ns  (logic 0.141ns (34.597%)  route 0.267ns (65.403%))
  Logic Levels:           0  
  Clock Path Skew:        0.012ns (DCD - SCD - CPR)
    Destination Clock Delay (DCD):    1.982ns
    Source Clock Delay      (SCD):    1.471ns
    Clock Pessimism Removal (CPR):    0.499ns

    Location             Delay type                Incr(ns)  Path(ns)    Netlist Resource(s)
  -------------------------------------------------------------------    -------------------
                         (clock sys_clk_pin rise edge)
                                                      0.000     0.000 r  <hidden>
    W5                                                0.000     0.000 r  clk
                         net (fo=0)                   0.000     0.000    clk
    W5                   IBUF (Prop_ibuf_I_O)         0.226     0.226 r  clk_IBUF_inst/O
                         net (fo=1, routed)           0.631     0.858    clk_IBUF
    BUFGCTRL_X0Y0        BUFG (Prop_bufg_I_O)         0.026     0.884 r  clk_IBUF_BUFG_inst/O
                         net (fo=153, routed)         0.588     1.471    fifo_rx_inst/clk_IBUF_BUFG
    SLICE_X7Y16          FDRE                                         r  fifo_rx_inst/wr_ptr_reg_reg[0]/C
  -------------------------------------------------------------------    -------------------
    SLICE_X7Y16          FDRE (Prop_fdre_C_Q)         0.141     1.612 r  fifo_rx_inst/wr_ptr_reg_reg[0]/Q
                         net (fo=18, routed)          0.267     1.879    fifo_rx_inst/mem_reg_0_15_0_5/ADDRD0
    SLICE_X6Y18          RAMD32                                       r  fifo_rx_inst/mem_reg_0_15_0_5/RAMA_D1/WADR0
  -------------------------------------------------------------------    -------------------

                         (clock sys_clk_pin rise edge)
                                                      0.000     0.000 r  <hidden>
    W5                                                0.000     0.000 r  clk
                         net (fo=0)                   0.000     0.000    clk
    W5                   IBUF (Prop_ibuf_I_O)         0.414     0.414 r  clk_IBUF_inst/O
                         net (fo=1, routed)           0.685     1.099    clk_IBUF
    BUFGCTRL_X0Y0        BUFG (Prop_bufg_I_O)         0.029     1.128 r  clk_IBUF_BUFG_inst/O
                         net (fo=153, routed)         0.855     1.982    fifo_rx_inst/mem_reg_0_15_0_5/WCLK
    SLICE_X6Y18          RAMD32                                       r  fifo_rx_inst/mem_reg_0_15_0_5/RAMA_D1/CLK
                         clock pessimism             -0.499     1.483    <hidden>
    SLICE_X6Y18          RAMD32 (Hold_ramd32_CLK_WADR0)
                                                      0.310     1.793    fifo_rx_inst/mem_reg_0_15_0_5/RAMA_D1
  -------------------------------------------------------------------
                         required time                         -1.793    <hidden>
                         arrival time                           1.879    <hidden>
  -------------------------------------------------------------------
                         slack                                  0.086    <hidden>

Slack (MET) :             0.086ns  (arrival time - required time)
  Source:                 fifo_rx_inst/wr_ptr_reg_reg[0]/C
                            (rising edge-triggered cell FDRE clocked by sys_clk_pin  {rise@0.000ns fall@5.000ns period=10.000ns})
  Destination:            fifo_rx_inst/mem_reg_0_15_0_5/RAMB/WADR0
                            (rising edge-triggered cell RAMD32 clocked by sys_clk_pin  {rise@0.000ns fall@5.000ns period=10.000ns})
  Path Group:             sys_clk_pin
  Path Type:              Hold (Min at Fast Process Corner)
  Requirement:            0.000ns  (sys_clk_pin rise@0.000ns - sys_clk_pin rise@0.000ns)
  Data Path Delay:        0.408ns  (logic 0.141ns (34.597%)  route 0.267ns (65.403%))
  Logic Levels:           0  
  Clock Path Skew:        0.012ns (DCD - SCD - CPR)
    Destination Clock Delay (DCD):    1.982ns
    Source Clock Delay      (SCD):    1.471ns
    Clock Pessimism Removal (CPR):    0.499ns

    Location             Delay type                Incr(ns)  Path(ns)    Netlist Resource(s)
  -------------------------------------------------------------------    -------------------
                         (clock sys_clk_pin rise edge)
                                                      0.000     0.000 r  <hidden>
    W5                                                0.000     0.000 r  clk
                         net (fo=0)                   0.000     0.000    clk
    W5                   IBUF (Prop_ibuf_I_O)         0.226     0.226 r  clk_IBUF_inst/O
                         net (fo=1, routed)           0.631     0.858    clk_IBUF
    BUFGCTRL_X0Y0        BUFG (Prop_bufg_I_O)         0.026     0.884 r  clk_IBUF_BUFG_inst/O
                         net (fo=153, routed)         0.588     1.471    fifo_rx_inst/clk_IBUF_BUFG
    SLICE_X7Y16          FDRE                                         r  fifo_rx_inst/wr_ptr_reg_reg[0]/C
  -------------------------------------------------------------------    -------------------
    SLICE_X7Y16          FDRE (Prop_fdre_C_Q)         0.141     1.612 r  fifo_rx_inst/wr_ptr_reg_reg[0]/Q
                         net (fo=18, routed)          0.267     1.879    fifo_rx_inst/mem_reg_0_15_0_5/ADDRD0
    SLICE_X6Y18          RAMD32                                       r  fifo_rx_inst/mem_reg_0_15_0_5/RAMB/WADR0
  -------------------------------------------------------------------    -------------------

                         (clock sys_clk_pin rise edge)
                                                      0.000     0.000 r  <hidden>
    W5                                                0.000     0.000 r  clk
                         net (fo=0)                   0.000     0.000    clk
    W5                   IBUF (Prop_ibuf_I_O)         0.414     0.414 r  clk_IBUF_inst/O
                         net (fo=1, routed)           0.685     1.099    clk_IBUF
    BUFGCTRL_X0Y0        BUFG (Prop_bufg_I_O)         0.029     1.128 r  clk_IBUF_BUFG_inst/O
                         net (fo=153, routed)         0.855     1.982    fifo_rx_inst/mem_reg_0_15_0_5/WCLK
    SLICE_X6Y18          RAMD32                                       r  fifo_rx_inst/mem_reg_0_15_0_5/RAMB/CLK
                         clock pessimism             -0.499     1.483    <hidden>
    SLICE_X6Y18          RAMD32 (Hold_ramd32_CLK_WADR0)
                                                      0.310     1.793    fifo_rx_inst/mem_reg_0_15_0_5/RAMB
  -------------------------------------------------------------------
                         required time                         -1.793    <hidden>
                         arrival time                           1.879    <hidden>
  -------------------------------------------------------------------
                         slack                                  0.086    <hidden>

Slack (MET) :             0.086ns  (arrival time - required time)
  Source:                 fifo_rx_inst/wr_ptr_reg_reg[0]/C
                            (rising edge-triggered cell FDRE clocked by sys_clk_pin  {rise@0.000ns fall@5.000ns period=10.000ns})
  Destination:            fifo_rx_inst/mem_reg_0_15_0_5/RAMB_D1/WADR0
                            (rising edge-triggered cell RAMD32 clocked by sys_clk_pin  {rise@0.000ns fall@5.000ns period=10.000ns})
  Path Group:             sys_clk_pin
  Path Type:              Hold (Min at Fast Process Corner)
  Requirement:            0.000ns  (sys_clk_pin rise@0.000ns - sys_clk_pin rise@0.000ns)
  Data Path Delay:        0.408ns  (logic 0.141ns (34.597%)  route 0.267ns (65.403%))
  Logic Levels:           0  
  Clock Path Skew:        0.012ns (DCD - SCD - CPR)
    Destination Clock Delay (DCD):    1.982ns
    Source Clock Delay      (SCD):    1.471ns
    Clock Pessimism Removal (CPR):    0.499ns

    Location             Delay type                Incr(ns)  Path(ns)    Netlist Resource(s)
  -------------------------------------------------------------------    -------------------
                         (clock sys_clk_pin rise edge)
                                                      0.000     0.000 r  <hidden>
    W5                                                0.000     0.000 r  clk
                         net (fo=0)                   0.000     0.000    clk
    W5                   IBUF (Prop_ibuf_I_O)         0.226     0.226 r  clk_IBUF_inst/O
                         net (fo=1, routed)           0.631     0.858    clk_IBUF
    BUFGCTRL_X0Y0        BUFG (Prop_bufg_I_O)         0.026     0.884 r  clk_IBUF_BUFG_inst/O
                         net (fo=153, routed)         0.588     1.471    fifo_rx_inst/clk_IBUF_BUFG
    SLICE_X7Y16          FDRE                                         r  fifo_rx_inst/wr_ptr_reg_reg[0]/C
  -------------------------------------------------------------------    -------------------
    SLICE_X7Y16          FDRE (Prop_fdre_C_Q)         0.141     1.612 r  fifo_rx_inst/wr_ptr_reg_reg[0]/Q
                         net (fo=18, routed)          0.267     1.879    fifo_rx_inst/mem_reg_0_15_0_5/ADDRD0
    SLICE_X6Y18          RAMD32                                       r  fifo_rx_inst/mem_reg_0_15_0_5/RAMB_D1/WADR0
  -------------------------------------------------------------------    -------------------

                         (clock sys_clk_pin rise edge)
                                                      0.000     0.000 r  <hidden>
    W5                                                0.000     0.000 r  clk
                         net (fo=0)                   0.000     0.000    clk
    W5                   IBUF (Prop_ibuf_I_O)         0.414     0.414 r  clk_IBUF_inst/O
                         net (fo=1, routed)           0.685     1.099    clk_IBUF
    BUFGCTRL_X0Y0        BUFG (Prop_bufg_I_O)         0.029     1.128 r  clk_IBUF_BUFG_inst/O
                         net (fo=153, routed)         0.855     1.982    fifo_rx_inst/mem_reg_0_15_0_5/WCLK
    SLICE_X6Y18          RAMD32                                       r  fifo_rx_inst/mem_reg_0_15_0_5/RAMB_D1/CLK
                         clock pessimism             -0.499     1.483    <hidden>
    SLICE_X6Y18          RAMD32 (Hold_ramd32_CLK_WADR0)
                                                      0.310     1.793    fifo_rx_inst/mem_reg_0_15_0_5/RAMB_D1
  -------------------------------------------------------------------
                         required time                         -1.793    <hidden>
                         arrival time                           1.879    <hidden>
  -------------------------------------------------------------------
                         slack                                  0.086    <hidden>

Slack (MET) :             0.086ns  (arrival time - required time)
  Source:                 fifo_rx_inst/wr_ptr_reg_reg[0]/C
                            (rising edge-triggered cell FDRE clocked by sys_clk_pin  {rise@0.000ns fall@5.000ns period=10.000ns})
  Destination:            fifo_rx_inst/mem_reg_0_15_0_5/RAMC/WADR0
                            (rising edge-triggered cell RAMD32 clocked by sys_clk_pin  {rise@0.000ns fall@5.000ns period=10.000ns})
  Path Group:             sys_clk_pin
  Path Type:              Hold (Min at Fast Process Corner)
  Requirement:            0.000ns  (sys_clk_pin rise@0.000ns - sys_clk_pin rise@0.000ns)
  Data Path Delay:        0.408ns  (logic 0.141ns (34.597%)  route 0.267ns (65.403%))
  Logic Levels:           0  
  Clock Path Skew:        0.012ns (DCD - SCD - CPR)
    Destination Clock Delay (DCD):    1.982ns
    Source Clock Delay      (SCD):    1.471ns
    Clock Pessimism Removal (CPR):    0.499ns

    Location             Delay type                Incr(ns)  Path(ns)    Netlist Resource(s)
  -------------------------------------------------------------------    -------------------
                         (clock sys_clk_pin rise edge)
                                                      0.000     0.000 r  <hidden>
    W5                                                0.000     0.000 r  clk
                         net (fo=0)                   0.000     0.000    clk
    W5                   IBUF (Prop_ibuf_I_O)         0.226     0.226 r  clk_IBUF_inst/O
                         net (fo=1, routed)           0.631     0.858    clk_IBUF
    BUFGCTRL_X0Y0        BUFG (Prop_bufg_I_O)         0.026     0.884 r  clk_IBUF_BUFG_inst/O
                         net (fo=153, routed)         0.588     1.471    fifo_rx_inst/clk_IBUF_BUFG
    SLICE_X7Y16          FDRE                                         r  fifo_rx_inst/wr_ptr_reg_reg[0]/C
  -------------------------------------------------------------------    -------------------
    SLICE_X7Y16          FDRE (Prop_fdre_C_Q)         0.141     1.612 r  fifo_rx_inst/wr_ptr_reg_reg[0]/Q
                         net (fo=18, routed)          0.267     1.879    fifo_rx_inst/mem_reg_0_15_0_5/ADDRD0
    SLICE_X6Y18          RAMD32                                       r  fifo_rx_inst/mem_reg_0_15_0_5/RAMC/WADR0
  -------------------------------------------------------------------    -------------------

                         (clock sys_clk_pin rise edge)
                                                      0.000     0.000 r  <hidden>
    W5                                                0.000     0.000 r  clk
                         net (fo=0)                   0.000     0.000    clk
    W5                   IBUF (Prop_ibuf_I_O)         0.414     0.414 r  clk_IBUF_inst/O
                         net (fo=1, routed)           0.685     1.099    clk_IBUF
    BUFGCTRL_X0Y0        BUFG (Prop_bufg_I_O)         0.029     1.128 r  clk_IBUF_BUFG_inst/O
                         net (fo=153, routed)         0.855     1.982    fifo_rx_inst/mem_reg_0_15_0_5/WCLK
    SLICE_X6Y18          RAMD32                                       r  fifo_rx_inst/mem_reg_0_15_0_5/RAMC/CLK
                         clock pessimism             -0.499     1.483    <hidden>
    SLICE_X6Y18          RAMD32 (Hold_ramd32_CLK_WADR0)
                                                      0.310     1.793    fifo_rx_inst/mem_reg_0_15_0_5/RAMC
  -------------------------------------------------------------------
                         required time                         -1.793    <hidden>
                         arrival time                           1.879    <hidden>
  -------------------------------------------------------------------
                         slack                                  0.086    <hidden>





Pulse Width Checks
--------------------------------------------------------------------------------------
Clock Name:         sys_clk_pin
Waveform(ns):       { 0.000 5.000 }
Period(ns):         10.000
Sources:            { clk }

Check Type        Corner  Lib Pin     Reference Pin  Required(ns)  Actual(ns)  Slack(ns)  Location       Pin
Min Period        n/a     BUFG/I      n/a            2.155         10.000      7.845      BUFGCTRL_X0Y0  clk_IBUF_BUFG_inst/I
Min Period        n/a     FDRE/C      n/a            1.000         10.000      9.000      SLICE_X4Y14    cond_prev_reg/C
Min Period        n/a     FDRE/C      n/a            1.000         10.000      9.000      SLICE_X9Y14    baud_generator_inst/counter_reg[0]/C
Min Period        n/a     FDRE/C      n/a            1.000         10.000      9.000      SLICE_X9Y14    baud_generator_inst/counter_reg[1]/C
Min Period        n/a     FDRE/C      n/a            1.000         10.000      9.000      SLICE_X8Y14    baud_generator_inst/counter_reg[2]/C
Min Period        n/a     FDRE/C      n/a            1.000         10.000      9.000      SLICE_X9Y14    baud_generator_inst/counter_reg[3]/C
Min Period        n/a     FDRE/C      n/a            1.000         10.000      9.000      SLICE_X9Y14    baud_generator_inst/counter_reg[4]/C
Min Period        n/a     FDRE/C      n/a            1.000         10.000      9.000      SLICE_X9Y14    baud_generator_inst/counter_reg[5]/C
Min Period        n/a     FDRE/C      n/a            1.000         10.000      9.000      SLICE_X8Y14    baud_generator_inst/counter_reg[6]/C
Min Period        n/a     FDRE/C      n/a            1.000         10.000      9.000      SLICE_X8Y14    baud_generator_inst/counter_reg[7]/C
Low Pulse Width   Slow    RAMD32/CLK  n/a            1.250         5.000       3.750      SLICE_X6Y18    fifo_rx_inst/mem_reg_0_15_0_5/RAMA/CLK
Low Pulse Width   Fast    RAMD32/CLK  n/a            1.250         5.000       3.750      SLICE_X6Y18    fifo_rx_inst/mem_reg_0_15_0_5/RAMA/CLK
Low Pulse Width   Slow    RAMD32/CLK  n/a            1.250         5.000       3.750      SLICE_X6Y18    fifo_rx_inst/mem_reg_0_15_0_5/RAMA_D1/CLK
Low Pulse Width   Fast    RAMD32/CLK  n/a            1.250         5.000       3.750      SLICE_X6Y18    fifo_rx_inst/mem_reg_0_15_0_5/RAMA_D1/CLK
Low Pulse Width   Slow    RAMD32/CLK  n/a            1.250         5.000       3.750      SLICE_X6Y18    fifo_rx_inst/mem_reg_0_15_0_5/RAMB/CLK
Low Pulse Width   Fast    RAMD32/CLK  n/a            1.250         5.000       3.750      SLICE_X6Y18    fifo_rx_inst/mem_reg_0_15_0_5/RAMB/CLK
Low Pulse Width   Slow    RAMD32/CLK  n/a            1.250         5.000       3.750      SLICE_X6Y18    fifo_rx_inst/mem_reg_0_15_0_5/RAMB_D1/CLK
Low Pulse Width   Fast    RAMD32/CLK  n/a            1.250         5.000       3.750      SLICE_X6Y18    fifo_rx_inst/mem_reg_0_15_0_5/RAMB_D1/CLK
Low Pulse Width   Slow    RAMD32/CLK  n/a            1.250         5.000       3.750      SLICE_X6Y18    fifo_rx_inst/mem_reg_0_15_0_5/RAMC/CLK
Low Pulse Width   Fast    RAMD32/CLK  n/a            1.250         5.000       3.750      SLICE_X6Y18    fifo_rx_inst/mem_reg_0_15_0_5/RAMC/CLK
High Pulse Width  Slow    RAMD32/CLK  n/a            1.250         5.000       3.750      SLICE_X6Y18    fifo_rx_inst/mem_reg_0_15_0_5/RAMA/CLK
High Pulse Width  Fast    RAMD32/CLK  n/a            1.250         5.000       3.750      SLICE_X6Y18    fifo_rx_inst/mem_reg_0_15_0_5/RAMA/CLK
High Pulse Width  Slow    RAMD32/CLK  n/a            1.250         5.000       3.750      SLICE_X6Y18    fifo_rx_inst/mem_reg_0_15_0_5/RAMA_D1/CLK
High Pulse Width  Fast    RAMD32/CLK  n/a            1.250         5.000       3.750      SLICE_X6Y18    fifo_rx_inst/mem_reg_0_15_0_5/RAMA_D1/CLK
High Pulse Width  Slow    RAMD32/CLK  n/a            1.250         5.000       3.750      SLICE_X6Y18    fifo_rx_inst/mem_reg_0_15_0_5/RAMB/CLK
High Pulse Width  Fast    RAMD32/CLK  n/a            1.250         5.000       3.750      SLICE_X6Y18    fifo_rx_inst/mem_reg_0_15_0_5/RAMB/CLK
High Pulse Width  Slow    RAMD32/CLK  n/a            1.250         5.000       3.750      SLICE_X6Y18    fifo_rx_inst/mem_reg_0_15_0_5/RAMB_D1/CLK
High Pulse Width  Fast    RAMD32/CLK  n/a            1.250         5.000       3.750      SLICE_X6Y18    fifo_rx_inst/mem_reg_0_15_0_5/RAMB_D1/CLK
High Pulse Width  Slow    RAMD32/CLK  n/a            1.250         5.000       3.750      SLICE_X6Y18    fifo_rx_inst/mem_reg_0_15_0_5/RAMC/CLK
High Pulse Width  Fast    RAMD32/CLK  n/a            1.250         5.000       3.750      SLICE_X6Y18    fifo_rx_inst/mem_reg_0_15_0_5/RAMC/CLK



--------------------------------------------------------------------------------------
Path Group:  (none)
From Clock:  sys_clk_pin
  To Clock:  

Max Delay             9 Endpoints
Min Delay             9 Endpoints
--------------------------------------------------------------------------------------


Max Delay Paths
--------------------------------------------------------------------------------------
Slack:                    inf
  Source:                 interface_inst/opcode_reg[1]/C
                            (rising edge-triggered cell FDRE clocked by sys_clk_pin  {rise@0.000ns fall@5.000ns period=10.000ns})
  Destination:            o_leds[7]
                            (output port)
  Path Group:             (none)
  Path Type:              Max at Slow Process Corner
  Data Path Delay:        10.091ns  (logic 4.329ns (42.898%)  route 5.762ns (57.102%))
  Logic Levels:           4  (LUT4=1 LUT5=1 LUT6=1 OBUF=1)
  Clock Uncertainty:      0.025ns  ((TSJ^2 + TIJ^2)^1/2 + DJ) / 2 + PE
    Total System Jitter     (TSJ):    0.050ns
    Total Input Jitter      (TIJ):    0.000ns
    Discrete Jitter          (DJ):    0.000ns
    Phase Error              (PE):    0.000ns

    Location             Delay type                Incr(ns)  Path(ns)    Netlist Resource(s)
  -------------------------------------------------------------------    -------------------
                         (clock sys_clk_pin rise edge)
                                                      0.000     0.000 r  <hidden>
    W5                                                0.000     0.000 r  clk
                         net (fo=0)                   0.000     0.000    clk
    W5                   IBUF (Prop_ibuf_I_O)         1.458     1.458 r  clk_IBUF_inst/O
                         net (fo=1, routed)           1.967     3.425    clk_IBUF
    BUFGCTRL_X0Y0        BUFG (Prop_bufg_I_O)         0.096     3.521 r  clk_IBUF_BUFG_inst/O
                         net (fo=153, routed)         1.623     5.144    interface_inst/clk_IBUF_BUFG
    SLICE_X5Y19          FDRE                                         r  interface_inst/opcode_reg[1]/C
  -------------------------------------------------------------------    -------------------
    SLICE_X5Y19          FDRE (Prop_fdre_C_Q)         0.456     5.600 r  interface_inst/opcode_reg[1]/Q
                         net (fo=25, routed)          1.250     6.850    interface_inst/opcode[1]
    SLICE_X4Y17          LUT4 (Prop_lut4_I1_O)        0.124     6.974 r  interface_inst/o_leds_OBUF[1]_inst_i_3/O
                         net (fo=9, routed)           0.987     7.961    interface_inst/o_leds_OBUF[1]_inst_i_3_n_0
    SLICE_X4Y19          LUT6 (Prop_lut6_I2_O)        0.124     8.085 r  interface_inst/o_leds_OBUF[7]_inst_i_2/O
                         net (fo=1, routed)           0.808     8.893    interface_inst/o_leds_OBUF[7]_inst_i_2_n_0
    SLICE_X5Y18          LUT5 (Prop_lut5_I0_O)        0.124     9.017 r  interface_inst/o_leds_OBUF[7]_inst_i_1/O
                         net (fo=3, routed)           2.717    11.734    o_leds_OBUF[7]
    V14                  OBUF (Prop_obuf_I_O)         3.501    15.235 r  o_leds_OBUF[7]_inst/O
                         net (fo=0)                   0.000    15.235    o_leds[7]
    V14                                                               r  o_leds[7]
  -------------------------------------------------------------------    -------------------

Slack:                    inf
  Source:                 interface_inst/data_b_reg[4]/C
                            (rising edge-triggered cell FDRE clocked by sys_clk_pin  {rise@0.000ns fall@5.000ns period=10.000ns})
  Destination:            o_leds[1]
                            (output port)
  Path Group:             (none)
  Path Type:              Max at Slow Process Corner
  Data Path Delay:        10.028ns  (logic 4.482ns (44.694%)  route 5.546ns (55.306%))
  Logic Levels:           5  (LUT4=1 LUT5=2 LUT6=1 OBUF=1)
  Clock Uncertainty:      0.025ns  ((TSJ^2 + TIJ^2)^1/2 + DJ) / 2 + PE
    Total System Jitter     (TSJ):    0.050ns
    Total Input Jitter      (TIJ):    0.000ns
    Discrete Jitter          (DJ):    0.000ns
    Phase Error              (PE):    0.000ns

    Location             Delay type                Incr(ns)  Path(ns)    Netlist Resource(s)
  -------------------------------------------------------------------    -------------------
                         (clock sys_clk_pin rise edge)
                                                      0.000     0.000 r  <hidden>
    W5                                                0.000     0.000 r  clk
                         net (fo=0)                   0.000     0.000    clk
    W5                   IBUF (Prop_ibuf_I_O)         1.458     1.458 r  clk_IBUF_inst/O
                         net (fo=1, routed)           1.967     3.425    clk_IBUF
    BUFGCTRL_X0Y0        BUFG (Prop_bufg_I_O)         0.096     3.521 r  clk_IBUF_BUFG_inst/O
                         net (fo=153, routed)         1.624     5.145    interface_inst/clk_IBUF_BUFG
    SLICE_X5Y18          FDRE                                         r  interface_inst/data_b_reg[4]/C
  -------------------------------------------------------------------    -------------------
    SLICE_X5Y18          FDRE (Prop_fdre_C_Q)         0.456     5.601 r  interface_inst/data_b_reg[4]/Q
                         net (fo=6, routed)           0.987     6.588    interface_inst/alu_data_b[4]
    SLICE_X5Y19          LUT5 (Prop_lut5_I1_O)        0.124     6.712 f  interface_inst/o_leds_OBUF[6]_inst_i_6/O
                         net (fo=8, routed)           0.321     7.033    interface_inst/o_leds_OBUF[6]_inst_i_6_n_0
    SLICE_X4Y20          LUT4 (Prop_lut4_I3_O)        0.124     7.157 r  interface_inst/o_leds_OBUF[0]_inst_i_2/O
                         net (fo=6, routed)           0.815     7.972    interface_inst/o_leds_OBUF[0]_inst_i_2_n_0
    SLICE_X3Y20          LUT6 (Prop_lut6_I0_O)        0.124     8.096 r  interface_inst/o_leds_OBUF[1]_inst_i_2/O
                         net (fo=1, routed)           0.702     8.798    interface_inst/o_leds_OBUF[1]_inst_i_2_n_0
    SLICE_X4Y18          LUT5 (Prop_lut5_I0_O)        0.124     8.922 r  interface_inst/o_leds_OBUF[1]_inst_i_1/O
                         net (fo=2, routed)           2.721    11.643    o_leds_OBUF[1]
    E19                  OBUF (Prop_obuf_I_O)         3.530    15.173 r  o_leds_OBUF[1]_inst/O
                         net (fo=0)                   0.000    15.173    o_leds[1]
    E19                                                               r  o_leds[1]
  -------------------------------------------------------------------    -------------------

Slack:                    inf
  Source:                 interface_inst/opcode_reg[1]/C
                            (rising edge-triggered cell FDRE clocked by sys_clk_pin  {rise@0.000ns fall@5.000ns period=10.000ns})
  Destination:            o_leds[6]
                            (output port)
  Path Group:             (none)
  Path Type:              Max at Slow Process Corner
  Data Path Delay:        9.911ns  (logic 4.334ns (43.731%)  route 5.577ns (56.269%))
  Logic Levels:           4  (LUT4=1 LUT6=2 OBUF=1)
  Clock Uncertainty:      0.025ns  ((TSJ^2 + TIJ^2)^1/2 + DJ) / 2 + PE
    Total System Jitter     (TSJ):    0.050ns
    Total Input Jitter      (TIJ):    0.000ns
    Discrete Jitter          (DJ):    0.000ns
    Phase Error              (PE):    0.000ns

    Location             Delay type                Incr(ns)  Path(ns)    Netlist Resource(s)
  -------------------------------------------------------------------    -------------------
                         (clock sys_clk_pin rise edge)
                                                      0.000     0.000 r  <hidden>
    W5                                                0.000     0.000 r  clk
                         net (fo=0)                   0.000     0.000    clk
    W5                   IBUF (Prop_ibuf_I_O)         1.458     1.458 r  clk_IBUF_inst/O
                         net (fo=1, routed)           1.967     3.425    clk_IBUF
    BUFGCTRL_X0Y0        BUFG (Prop_bufg_I_O)         0.096     3.521 r  clk_IBUF_BUFG_inst/O
                         net (fo=153, routed)         1.623     5.144    interface_inst/clk_IBUF_BUFG
    SLICE_X5Y19          FDRE                                         r  interface_inst/opcode_reg[1]/C
  -------------------------------------------------------------------    -------------------
    SLICE_X5Y19          FDRE (Prop_fdre_C_Q)         0.456     5.600 r  interface_inst/opcode_reg[1]/Q
                         net (fo=25, routed)          1.250     6.850    interface_inst/opcode[1]
    SLICE_X4Y17          LUT4 (Prop_lut4_I1_O)        0.124     6.974 r  interface_inst/o_leds_OBUF[1]_inst_i_3/O
                         net (fo=9, routed)           1.231     8.205    interface_inst/o_leds_OBUF[1]_inst_i_3_n_0
    SLICE_X2Y20          LUT6 (Prop_lut6_I0_O)        0.124     8.329 r  interface_inst/o_leds_OBUF[6]_inst_i_2/O
                         net (fo=1, routed)           0.805     9.134    interface_inst/o_leds_OBUF[6]_inst_i_2_n_0
    SLICE_X4Y17          LUT6 (Prop_lut6_I0_O)        0.124     9.258 r  interface_inst/o_leds_OBUF[6]_inst_i_1/O
                         net (fo=3, routed)           2.291    11.549    o_leds_OBUF[6]
    U14                  OBUF (Prop_obuf_I_O)         3.506    15.055 r  o_leds_OBUF[6]_inst/O
                         net (fo=0)                   0.000    15.055    o_leds[6]
    U14                                                               r  o_leds[6]
  -------------------------------------------------------------------    -------------------

Slack:                    inf
  Source:                 interface_inst/opcode_reg[1]/C
                            (rising edge-triggered cell FDRE clocked by sys_clk_pin  {rise@0.000ns fall@5.000ns period=10.000ns})
  Destination:            o_leds[0]
                            (output port)
  Path Group:             (none)
  Path Type:              Max at Slow Process Corner
  Data Path Delay:        9.899ns  (logic 4.333ns (43.770%)  route 5.566ns (56.230%))
  Logic Levels:           4  (LUT4=1 LUT6=2 OBUF=1)
  Clock Uncertainty:      0.025ns  ((TSJ^2 + TIJ^2)^1/2 + DJ) / 2 + PE
    Total System Jitter     (TSJ):    0.050ns
    Total Input Jitter      (TIJ):    0.000ns
    Discrete Jitter          (DJ):    0.000ns
    Phase Error              (PE):    0.000ns

    Location             Delay type                Incr(ns)  Path(ns)    Netlist Resource(s)
  -------------------------------------------------------------------    -------------------
                         (clock sys_clk_pin rise edge)
                                                      0.000     0.000 r  <hidden>
    W5                                                0.000     0.000 r  clk
                         net (fo=0)                   0.000     0.000    clk
    W5                   IBUF (Prop_ibuf_I_O)         1.458     1.458 r  clk_IBUF_inst/O
                         net (fo=1, routed)           1.967     3.425    clk_IBUF
    BUFGCTRL_X0Y0        BUFG (Prop_bufg_I_O)         0.096     3.521 r  clk_IBUF_BUFG_inst/O
                         net (fo=153, routed)         1.623     5.144    interface_inst/clk_IBUF_BUFG
    SLICE_X5Y19          FDRE                                         r  interface_inst/opcode_reg[1]/C
  -------------------------------------------------------------------    -------------------
    SLICE_X5Y19          FDRE (Prop_fdre_C_Q)         0.456     5.600 r  interface_inst/opcode_reg[1]/Q
                         net (fo=25, routed)          1.250     6.850    interface_inst/opcode[1]
    SLICE_X4Y17          LUT4 (Prop_lut4_I1_O)        0.124     6.974 r  interface_inst/o_leds_OBUF[1]_inst_i_3/O
                         net (fo=9, routed)           1.738     8.712    interface_inst/o_leds_OBUF[1]_inst_i_3_n_0
    SLICE_X1Y18          LUT6 (Prop_lut6_I1_O)        0.124     8.836 r  interface_inst/o_leds_OBUF[0]_inst_i_5/O
                         net (fo=1, routed)           0.433     9.269    interface_inst/o_leds_OBUF[0]_inst_i_5_n_0
    SLICE_X1Y18          LUT6 (Prop_lut6_I5_O)        0.124     9.393 r  interface_inst/o_leds_OBUF[0]_inst_i_1/O
                         net (fo=2, routed)           2.146    11.538    o_leds_OBUF[0]
    U16                  OBUF (Prop_obuf_I_O)         3.505    15.043 r  o_leds_OBUF[0]_inst/O
                         net (fo=0)                   0.000    15.043    o_leds[0]
    U16                                                               r  o_leds[0]
  -------------------------------------------------------------------    -------------------

Slack:                    inf
  Source:                 interface_inst/opcode_reg[1]/C
                            (rising edge-triggered cell FDRE clocked by sys_clk_pin  {rise@0.000ns fall@5.000ns period=10.000ns})
  Destination:            o_leds[5]
                            (output port)
  Path Group:             (none)
  Path Type:              Max at Slow Process Corner
  Data Path Delay:        9.602ns  (logic 4.342ns (45.225%)  route 5.259ns (54.775%))
  Logic Levels:           4  (LUT4=1 LUT6=2 OBUF=1)
  Clock Uncertainty:      0.025ns  ((TSJ^2 + TIJ^2)^1/2 + DJ) / 2 + PE
    Total System Jitter     (TSJ):    0.050ns
    Total Input Jitter      (TIJ):    0.000ns
    Discrete Jitter          (DJ):    0.000ns
    Phase Error              (PE):    0.000ns

    Location             Delay type                Incr(ns)  Path(ns)    Netlist Resource(s)
  -------------------------------------------------------------------    -------------------
                         (clock sys_clk_pin rise edge)
                                                      0.000     0.000 r  <hidden>
    W5                                                0.000     0.000 r  clk
                         net (fo=0)                   0.000     0.000    clk
    W5                   IBUF (Prop_ibuf_I_O)         1.458     1.458 r  clk_IBUF_inst/O
                         net (fo=1, routed)           1.967     3.425    clk_IBUF
    BUFGCTRL_X0Y0        BUFG (Prop_bufg_I_O)         0.096     3.521 r  clk_IBUF_BUFG_inst/O
                         net (fo=153, routed)         1.623     5.144    interface_inst/clk_IBUF_BUFG
    SLICE_X5Y19          FDRE                                         r  interface_inst/opcode_reg[1]/C
  -------------------------------------------------------------------    -------------------
    SLICE_X5Y19          FDRE (Prop_fdre_C_Q)         0.456     5.600 r  interface_inst/opcode_reg[1]/Q
                         net (fo=25, routed)          1.250     6.850    interface_inst/opcode[1]
    SLICE_X4Y17          LUT4 (Prop_lut4_I1_O)        0.124     6.974 r  interface_inst/o_leds_OBUF[1]_inst_i_3/O
                         net (fo=9, routed)           1.236     8.210    interface_inst/o_leds_OBUF[1]_inst_i_3_n_0
    SLICE_X2Y20          LUT6 (Prop_lut6_I0_O)        0.124     8.334 r  interface_inst/o_leds_OBUF[5]_inst_i_2/O
                         net (fo=1, routed)           0.650     8.984    interface_inst/o_leds_OBUF[5]_inst_i_2_n_0
    SLICE_X4Y19          LUT6 (Prop_lut6_I0_O)        0.124     9.108 r  interface_inst/o_leds_OBUF[5]_inst_i_1/O
                         net (fo=2, routed)           2.123    11.232    o_leds_OBUF[5]
    U15                  OBUF (Prop_obuf_I_O)         3.514    14.746 r  o_leds_OBUF[5]_inst/O
                         net (fo=0)                   0.000    14.746    o_leds[5]
    U15                                                               r  o_leds[5]
  -------------------------------------------------------------------    -------------------

Slack:                    inf
  Source:                 interface_inst/opcode_reg[2]/C
                            (rising edge-triggered cell FDRE clocked by sys_clk_pin  {rise@0.000ns fall@5.000ns period=10.000ns})
  Destination:            o_leds[4]
                            (output port)
  Path Group:             (none)
  Path Type:              Max at Slow Process Corner
  Data Path Delay:        9.559ns  (logic 4.687ns (49.026%)  route 4.873ns (50.974%))
  Logic Levels:           5  (LUT5=2 LUT6=2 OBUF=1)
  Clock Uncertainty:      0.025ns  ((TSJ^2 + TIJ^2)^1/2 + DJ) / 2 + PE
    Total System Jitter     (TSJ):    0.050ns
    Total Input Jitter      (TIJ):    0.000ns
    Discrete Jitter          (DJ):    0.000ns
    Phase Error              (PE):    0.000ns

    Location             Delay type                Incr(ns)  Path(ns)    Netlist Resource(s)
  -------------------------------------------------------------------    -------------------
                         (clock sys_clk_pin rise edge)
                                                      0.000     0.000 r  <hidden>
    W5                                                0.000     0.000 r  clk
                         net (fo=0)                   0.000     0.000    clk
    W5                   IBUF (Prop_ibuf_I_O)         1.458     1.458 r  clk_IBUF_inst/O
                         net (fo=1, routed)           1.967     3.425    clk_IBUF
    BUFGCTRL_X0Y0        BUFG (Prop_bufg_I_O)         0.096     3.521 r  clk_IBUF_BUFG_inst/O
                         net (fo=153, routed)         1.623     5.144    interface_inst/clk_IBUF_BUFG
    SLICE_X5Y19          FDRE                                         r  interface_inst/opcode_reg[2]/C
  -------------------------------------------------------------------    -------------------
    SLICE_X5Y19          FDRE (Prop_fdre_C_Q)         0.456     5.600 f  interface_inst/opcode_reg[2]/Q
                         net (fo=36, routed)          1.120     6.721    interface_inst/opcode[2]
    SLICE_X2Y21          LUT5 (Prop_lut5_I0_O)        0.124     6.845 r  interface_inst/o_leds_OBUF[4]_inst_i_7/O
                         net (fo=1, routed)           0.850     7.695    interface_inst/o_leds_OBUF[4]_inst_i_7_n_0
    SLICE_X2Y21          LUT5 (Prop_lut5_I4_O)        0.146     7.841 r  interface_inst/o_leds_OBUF[4]_inst_i_5/O
                         net (fo=2, routed)           0.457     8.298    interface_inst/o_leds_OBUF[4]_inst_i_5_n_0
    SLICE_X1Y20          LUT6 (Prop_lut6_I4_O)        0.328     8.626 r  interface_inst/o_leds_OBUF[4]_inst_i_2/O
                         net (fo=1, routed)           0.622     9.248    interface_inst/o_leds_OBUF[4]_inst_i_2_n_0
    SLICE_X1Y19          LUT6 (Prop_lut6_I0_O)        0.124     9.372 r  interface_inst/o_leds_OBUF[4]_inst_i_1/O
                         net (fo=2, routed)           1.823    11.195    o_leds_OBUF[4]
    W18                  OBUF (Prop_obuf_I_O)         3.509    14.704 r  o_leds_OBUF[4]_inst/O
                         net (fo=0)                   0.000    14.704    o_leds[4]
    W18                                                               r  o_leds[4]
  -------------------------------------------------------------------    -------------------

Slack:                    inf
  Source:                 interface_inst/data_b_reg[2]/C
                            (rising edge-triggered cell FDRE clocked by sys_clk_pin  {rise@0.000ns fall@5.000ns period=10.000ns})
  Destination:            o_leds[2]
                            (output port)
  Path Group:             (none)
  Path Type:              Max at Slow Process Corner
  Data Path Delay:        9.313ns  (logic 4.683ns (50.285%)  route 4.630ns (49.715%))
  Logic Levels:           5  (LUT5=1 LUT6=3 OBUF=1)
  Clock Uncertainty:      0.025ns  ((TSJ^2 + TIJ^2)^1/2 + DJ) / 2 + PE
    Total System Jitter     (TSJ):    0.050ns
    Total Input Jitter      (TIJ):    0.000ns
    Discrete Jitter          (DJ):    0.000ns
    Phase Error              (PE):    0.000ns

    Location             Delay type                Incr(ns)  Path(ns)    Netlist Resource(s)
  -------------------------------------------------------------------    -------------------
                         (clock sys_clk_pin rise edge)
                                                      0.000     0.000 r  <hidden>
    W5                                                0.000     0.000 r  clk
                         net (fo=0)                   0.000     0.000    clk
    W5                   IBUF (Prop_ibuf_I_O)         1.458     1.458 r  clk_IBUF_inst/O
                         net (fo=1, routed)           1.967     3.425    clk_IBUF
    BUFGCTRL_X0Y0        BUFG (Prop_bufg_I_O)         0.096     3.521 r  clk_IBUF_BUFG_inst/O
                         net (fo=153, routed)         1.627     5.148    interface_inst/clk_IBUF_BUFG
    SLICE_X3Y18          FDRE                                         r  interface_inst/data_b_reg[2]/C
  -------------------------------------------------------------------    -------------------
    SLICE_X3Y18          FDRE (Prop_fdre_C_Q)         0.456     5.604 r  interface_inst/data_b_reg[2]/Q
                         net (fo=17, routed)          1.203     6.807    interface_inst/alu_data_b[2]
    SLICE_X4Y20          LUT5 (Prop_lut5_I4_O)        0.152     6.959 r  interface_inst/o_leds_OBUF[3]_inst_i_7/O
                         net (fo=1, routed)           0.441     7.400    interface_inst/o_leds_OBUF[3]_inst_i_7_n_0
    SLICE_X4Y20          LUT6 (Prop_lut6_I3_O)        0.326     7.726 r  interface_inst/o_leds_OBUF[3]_inst_i_5/O
                         net (fo=2, routed)           1.149     8.875    interface_inst/o_leds_OBUF[3]_inst_i_5_n_0
    SLICE_X1Y19          LUT6 (Prop_lut6_I1_O)        0.124     8.999 r  interface_inst/o_leds_OBUF[2]_inst_i_2/O
                         net (fo=1, routed)           0.151     9.150    interface_inst/o_leds_OBUF[2]_inst_i_2_n_0
    SLICE_X1Y19          LUT6 (Prop_lut6_I0_O)        0.124     9.274 r  interface_inst/o_leds_OBUF[2]_inst_i_1/O
                         net (fo=2, routed)           1.686    10.960    o_leds_OBUF[2]
    U19                  OBUF (Prop_obuf_I_O)         3.501    14.461 r  o_leds_OBUF[2]_inst/O
                         net (fo=0)                   0.000    14.461    o_leds[2]
    U19                                                               r  o_leds[2]
  -------------------------------------------------------------------    -------------------

Slack:                    inf
  Source:                 interface_inst/opcode_reg[2]/C
                            (rising edge-triggered cell FDRE clocked by sys_clk_pin  {rise@0.000ns fall@5.000ns period=10.000ns})
  Destination:            o_leds[3]
                            (output port)
  Path Group:             (none)
  Path Type:              Max at Slow Process Corner
  Data Path Delay:        8.994ns  (logic 4.687ns (52.111%)  route 4.307ns (47.889%))
  Logic Levels:           5  (LUT5=2 LUT6=2 OBUF=1)
  Clock Uncertainty:      0.025ns  ((TSJ^2 + TIJ^2)^1/2 + DJ) / 2 + PE
    Total System Jitter     (TSJ):    0.050ns
    Total Input Jitter      (TIJ):    0.000ns
    Discrete Jitter          (DJ):    0.000ns
    Phase Error              (PE):    0.000ns

    Location             Delay type                Incr(ns)  Path(ns)    Netlist Resource(s)
  -------------------------------------------------------------------    -------------------
                         (clock sys_clk_pin rise edge)
                                                      0.000     0.000 r  <hidden>
    W5                                                0.000     0.000 r  clk
                         net (fo=0)                   0.000     0.000    clk
    W5                   IBUF (Prop_ibuf_I_O)         1.458     1.458 r  clk_IBUF_inst/O
                         net (fo=1, routed)           1.967     3.425    clk_IBUF
    BUFGCTRL_X0Y0        BUFG (Prop_bufg_I_O)         0.096     3.521 r  clk_IBUF_BUFG_inst/O
                         net (fo=153, routed)         1.623     5.144    interface_inst/clk_IBUF_BUFG
    SLICE_X5Y19          FDRE                                         r  interface_inst/opcode_reg[2]/C
  -------------------------------------------------------------------    -------------------
    SLICE_X5Y19          FDRE (Prop_fdre_C_Q)         0.456     5.600 f  interface_inst/opcode_reg[2]/Q
                         net (fo=36, routed)          1.120     6.721    interface_inst/opcode[2]
    SLICE_X2Y21          LUT5 (Prop_lut5_I0_O)        0.124     6.845 r  interface_inst/o_leds_OBUF[4]_inst_i_7/O
                         net (fo=1, routed)           0.850     7.695    interface_inst/o_leds_OBUF[4]_inst_i_7_n_0
    SLICE_X2Y21          LUT5 (Prop_lut5_I4_O)        0.146     7.841 r  interface_inst/o_leds_OBUF[4]_inst_i_5/O
                         net (fo=2, routed)           0.340     8.181    interface_inst/o_leds_OBUF[4]_inst_i_5_n_0
    SLICE_X4Y20          LUT6 (Prop_lut6_I4_O)        0.328     8.509 r  interface_inst/o_leds_OBUF[3]_inst_i_2/O
                         net (fo=1, routed)           0.304     8.812    interface_inst/o_leds_OBUF[3]_inst_i_2_n_0
    SLICE_X5Y19          LUT6 (Prop_lut6_I0_O)        0.124     8.936 r  interface_inst/o_leds_OBUF[3]_inst_i_1/O
                         net (fo=2, routed)           1.693    10.630    o_leds_OBUF[3]
    V19                  OBUF (Prop_obuf_I_O)         3.509    14.139 r  o_leds_OBUF[3]_inst/O
                         net (fo=0)                   0.000    14.139    o_leds[3]
    V19                                                               r  o_leds[3]
  -------------------------------------------------------------------    -------------------

Slack:                    inf
  Source:                 uart_tx_inst/tx_reg_reg/C
                            (rising edge-triggered cell FDSE clocked by sys_clk_pin  {rise@0.000ns fall@5.000ns period=10.000ns})
  Destination:            o_tx
                            (output port)
  Path Group:             (none)
  Path Type:              Max at Slow Process Corner
  Data Path Delay:        8.131ns  (logic 4.036ns (49.633%)  route 4.095ns (50.367%))
  Logic Levels:           1  (OBUF=1)
  Clock Uncertainty:      0.025ns  ((TSJ^2 + TIJ^2)^1/2 + DJ) / 2 + PE
    Total System Jitter     (TSJ):    0.050ns
    Total Input Jitter      (TIJ):    0.000ns
    Discrete Jitter          (DJ):    0.000ns
    Phase Error              (PE):    0.000ns

    Location             Delay type                Incr(ns)  Path(ns)    Netlist Resource(s)
  -------------------------------------------------------------------    -------------------
                         (clock sys_clk_pin rise edge)
                                                      0.000     0.000 r  <hidden>
    W5                                                0.000     0.000 r  clk
                         net (fo=0)                   0.000     0.000    clk
    W5                   IBUF (Prop_ibuf_I_O)         1.458     1.458 r  clk_IBUF_inst/O
                         net (fo=1, routed)           1.967     3.425    clk_IBUF
    BUFGCTRL_X0Y0        BUFG (Prop_bufg_I_O)         0.096     3.521 r  clk_IBUF_BUFG_inst/O
                         net (fo=153, routed)         1.631     5.152    uart_tx_inst/clk_IBUF_BUFG
    SLICE_X2Y15          FDSE                                         r  uart_tx_inst/tx_reg_reg/C
  -------------------------------------------------------------------    -------------------
    SLICE_X2Y15          FDSE (Prop_fdse_C_Q)         0.518     5.670 r  uart_tx_inst/tx_reg_reg/Q
                         net (fo=1, routed)           4.095     9.766    o_tx_OBUF
    A18                  OBUF (Prop_obuf_I_O)         3.518    13.283 r  o_tx_OBUF_inst/O
                         net (fo=0)                   0.000    13.283    o_tx
    A18                                                               r  o_tx
  -------------------------------------------------------------------    -------------------





Min Delay Paths
--------------------------------------------------------------------------------------
Slack:                    inf
  Source:                 interface_inst/opcode_reg[5]/C
                            (rising edge-triggered cell FDRE clocked by sys_clk_pin  {rise@0.000ns fall@5.000ns period=10.000ns})
  Destination:            o_leds[3]
                            (output port)
  Path Group:             (none)
  Path Type:              Min at Fast Process Corner
  Data Path Delay:        1.924ns  (logic 1.396ns (72.578%)  route 0.527ns (27.422%))
  Logic Levels:           2  (LUT6=1 OBUF=1)
  Clock Uncertainty:      0.025ns  ((TSJ^2 + TIJ^2)^1/2 + DJ) / 2 + PE
    Total System Jitter     (TSJ):    0.050ns
    Total Input Jitter      (TIJ):    0.000ns
    Discrete Jitter          (DJ):    0.000ns
    Phase Error              (PE):    0.000ns

    Location             Delay type                Incr(ns)  Path(ns)    Netlist Resource(s)
  -------------------------------------------------------------------    -------------------
                         (clock sys_clk_pin rise edge)
                                                      0.000     0.000 r  <hidden>
    W5                                                0.000     0.000 r  clk
                         net (fo=0)                   0.000     0.000    clk
    W5                   IBUF (Prop_ibuf_I_O)         0.226     0.226 r  clk_IBUF_inst/O
                         net (fo=1, routed)           0.631     0.858    clk_IBUF
    BUFGCTRL_X0Y0        BUFG (Prop_bufg_I_O)         0.026     0.884 r  clk_IBUF_BUFG_inst/O
                         net (fo=153, routed)         0.585     1.468    interface_inst/clk_IBUF_BUFG
    SLICE_X4Y19          FDRE                                         r  interface_inst/opcode_reg[5]/C
  -------------------------------------------------------------------    -------------------
    SLICE_X4Y19          FDRE (Prop_fdre_C_Q)         0.141     1.609 r  interface_inst/opcode_reg[5]/Q
                         net (fo=7, routed)           0.172     1.782    interface_inst/opcode[5]
    SLICE_X5Y19          LUT6 (Prop_lut6_I4_O)        0.045     1.827 r  interface_inst/o_leds_OBUF[3]_inst_i_1/O
                         net (fo=2, routed)           0.355     2.182    o_leds_OBUF[3]
    V19                  OBUF (Prop_obuf_I_O)         1.210     3.392 r  o_leds_OBUF[3]_inst/O
                         net (fo=0)                   0.000     3.392    o_leds[3]
    V19                                                               r  o_leds[3]
  -------------------------------------------------------------------    -------------------

Slack:                    inf
  Source:                 interface_inst/opcode_reg[5]/C
                            (rising edge-triggered cell FDRE clocked by sys_clk_pin  {rise@0.000ns fall@5.000ns period=10.000ns})
  Destination:            o_leds[2]
                            (output port)
  Path Group:             (none)
  Path Type:              Min at Fast Process Corner
  Data Path Delay:        2.052ns  (logic 1.388ns (67.657%)  route 0.664ns (32.343%))
  Logic Levels:           2  (LUT6=1 OBUF=1)
  Clock Uncertainty:      0.025ns  ((TSJ^2 + TIJ^2)^1/2 + DJ) / 2 + PE
    Total System Jitter     (TSJ):    0.050ns
    Total Input Jitter      (TIJ):    0.000ns
    Discrete Jitter          (DJ):    0.000ns
    Phase Error              (PE):    0.000ns

    Location             Delay type                Incr(ns)  Path(ns)    Netlist Resource(s)
  -------------------------------------------------------------------    -------------------
                         (clock sys_clk_pin rise edge)
                                                      0.000     0.000 r  <hidden>
    W5                                                0.000     0.000 r  clk
                         net (fo=0)                   0.000     0.000    clk
    W5                   IBUF (Prop_ibuf_I_O)         0.226     0.226 r  clk_IBUF_inst/O
                         net (fo=1, routed)           0.631     0.858    clk_IBUF
    BUFGCTRL_X0Y0        BUFG (Prop_bufg_I_O)         0.026     0.884 r  clk_IBUF_BUFG_inst/O
                         net (fo=153, routed)         0.585     1.468    interface_inst/clk_IBUF_BUFG
    SLICE_X4Y19          FDRE                                         r  interface_inst/opcode_reg[5]/C
  -------------------------------------------------------------------    -------------------
    SLICE_X4Y19          FDRE (Prop_fdre_C_Q)         0.141     1.609 r  interface_inst/opcode_reg[5]/Q
                         net (fo=7, routed)           0.327     1.936    interface_inst/opcode[5]
    SLICE_X1Y19          LUT6 (Prop_lut6_I4_O)        0.045     1.981 r  interface_inst/o_leds_OBUF[2]_inst_i_1/O
                         net (fo=2, routed)           0.337     2.318    o_leds_OBUF[2]
    U19                  OBUF (Prop_obuf_I_O)         1.202     3.520 r  o_leds_OBUF[2]_inst/O
                         net (fo=0)                   0.000     3.520    o_leds[2]
    U19                                                               r  o_leds[2]
  -------------------------------------------------------------------    -------------------

Slack:                    inf
  Source:                 interface_inst/opcode_reg[4]/C
                            (rising edge-triggered cell FDRE clocked by sys_clk_pin  {rise@0.000ns fall@5.000ns period=10.000ns})
  Destination:            o_leds[4]
                            (output port)
  Path Group:             (none)
  Path Type:              Min at Fast Process Corner
  Data Path Delay:        2.087ns  (logic 1.396ns (66.869%)  route 0.692ns (33.131%))
  Logic Levels:           2  (LUT6=1 OBUF=1)
  Clock Uncertainty:      0.025ns  ((TSJ^2 + TIJ^2)^1/2 + DJ) / 2 + PE
    Total System Jitter     (TSJ):    0.050ns
    Total Input Jitter      (TIJ):    0.000ns
    Discrete Jitter          (DJ):    0.000ns
    Phase Error              (PE):    0.000ns

    Location             Delay type                Incr(ns)  Path(ns)    Netlist Resource(s)
  -------------------------------------------------------------------    -------------------
                         (clock sys_clk_pin rise edge)
                                                      0.000     0.000 r  <hidden>
    W5                                                0.000     0.000 r  clk
                         net (fo=0)                   0.000     0.000    clk
    W5                   IBUF (Prop_ibuf_I_O)         0.226     0.226 r  clk_IBUF_inst/O
                         net (fo=1, routed)           0.631     0.858    clk_IBUF
    BUFGCTRL_X0Y0        BUFG (Prop_bufg_I_O)         0.026     0.884 r  clk_IBUF_BUFG_inst/O
                         net (fo=153, routed)         0.585     1.468    interface_inst/clk_IBUF_BUFG
    SLICE_X4Y19          FDRE                                         r  interface_inst/opcode_reg[4]/C
  -------------------------------------------------------------------    -------------------
    SLICE_X4Y19          FDRE (Prop_fdre_C_Q)         0.141     1.609 f  interface_inst/opcode_reg[4]/Q
                         net (fo=7, routed)           0.287     1.896    interface_inst/opcode[4]
    SLICE_X1Y19          LUT6 (Prop_lut6_I3_O)        0.045     1.941 r  interface_inst/o_leds_OBUF[4]_inst_i_1/O
                         net (fo=2, routed)           0.404     2.346    o_leds_OBUF[4]
    W18                  OBUF (Prop_obuf_I_O)         1.210     3.555 r  o_leds_OBUF[4]_inst/O
                         net (fo=0)                   0.000     3.555    o_leds[4]
    W18                                                               r  o_leds[4]
  -------------------------------------------------------------------    -------------------

Slack:                    inf
  Source:                 interface_inst/opcode_reg[4]/C
                            (rising edge-triggered cell FDRE clocked by sys_clk_pin  {rise@0.000ns fall@5.000ns period=10.000ns})
  Destination:            o_leds[5]
                            (output port)
  Path Group:             (none)
  Path Type:              Min at Fast Process Corner
  Data Path Delay:        2.111ns  (logic 1.402ns (66.402%)  route 0.709ns (33.598%))
  Logic Levels:           2  (LUT6=1 OBUF=1)
  Clock Uncertainty:      0.025ns  ((TSJ^2 + TIJ^2)^1/2 + DJ) / 2 + PE
    Total System Jitter     (TSJ):    0.050ns
    Total Input Jitter      (TIJ):    0.000ns
    Discrete Jitter          (DJ):    0.000ns
    Phase Error              (PE):    0.000ns

    Location             Delay type                Incr(ns)  Path(ns)    Netlist Resource(s)
  -------------------------------------------------------------------    -------------------
                         (clock sys_clk_pin rise edge)
                                                      0.000     0.000 r  <hidden>
    W5                                                0.000     0.000 r  clk
                         net (fo=0)                   0.000     0.000    clk
    W5                   IBUF (Prop_ibuf_I_O)         0.226     0.226 r  clk_IBUF_inst/O
                         net (fo=1, routed)           0.631     0.858    clk_IBUF
    BUFGCTRL_X0Y0        BUFG (Prop_bufg_I_O)         0.026     0.884 r  clk_IBUF_BUFG_inst/O
                         net (fo=153, routed)         0.585     1.468    interface_inst/clk_IBUF_BUFG
    SLICE_X4Y19          FDRE                                         r  interface_inst/opcode_reg[4]/C
  -------------------------------------------------------------------    -------------------
    SLICE_X4Y19          FDRE (Prop_fdre_C_Q)         0.141     1.609 f  interface_inst/opcode_reg[4]/Q
                         net (fo=7, routed)           0.174     1.783    interface_inst/opcode[4]
    SLICE_X4Y19          LUT6 (Prop_lut6_I3_O)        0.045     1.828 r  interface_inst/o_leds_OBUF[5]_inst_i_1/O
                         net (fo=2, routed)           0.535     2.363    o_leds_OBUF[5]
    U15                  OBUF (Prop_obuf_I_O)         1.216     3.579 r  o_leds_OBUF[5]_inst/O
                         net (fo=0)                   0.000     3.579    o_leds[5]
    U15                                                               r  o_leds[5]
  -------------------------------------------------------------------    -------------------

Slack:                    inf
  Source:                 interface_inst/data_b_reg[6]/C
                            (rising edge-triggered cell FDRE clocked by sys_clk_pin  {rise@0.000ns fall@5.000ns period=10.000ns})
  Destination:            o_leds[6]
                            (output port)
  Path Group:             (none)
  Path Type:              Min at Fast Process Corner
  Data Path Delay:        2.198ns  (logic 1.438ns (65.439%)  route 0.760ns (34.561%))
  Logic Levels:           3  (LUT5=1 LUT6=1 OBUF=1)
  Clock Uncertainty:      0.025ns  ((TSJ^2 + TIJ^2)^1/2 + DJ) / 2 + PE
    Total System Jitter     (TSJ):    0.050ns
    Total Input Jitter      (TIJ):    0.000ns
    Discrete Jitter          (DJ):    0.000ns
    Phase Error              (PE):    0.000ns

    Location             Delay type                Incr(ns)  Path(ns)    Netlist Resource(s)
  -------------------------------------------------------------------    -------------------
                         (clock sys_clk_pin rise edge)
                                                      0.000     0.000 r  <hidden>
    W5                                                0.000     0.000 r  clk
                         net (fo=0)                   0.000     0.000    clk
    W5                   IBUF (Prop_ibuf_I_O)         0.226     0.226 r  clk_IBUF_inst/O
                         net (fo=1, routed)           0.631     0.858    clk_IBUF
    BUFGCTRL_X0Y0        BUFG (Prop_bufg_I_O)         0.026     0.884 r  clk_IBUF_BUFG_inst/O
                         net (fo=153, routed)         0.587     1.470    interface_inst/clk_IBUF_BUFG
    SLICE_X5Y17          FDRE                                         r  interface_inst/data_b_reg[6]/C
  -------------------------------------------------------------------    -------------------
    SLICE_X5Y17          FDRE (Prop_fdre_C_Q)         0.141     1.611 r  interface_inst/data_b_reg[6]/Q
                         net (fo=6, routed)           0.110     1.721    interface_inst/alu_data_b[6]
    SLICE_X4Y17          LUT5 (Prop_lut5_I4_O)        0.045     1.766 r  interface_inst/o_leds_OBUF[6]_inst_i_4/O
                         net (fo=1, routed)           0.058     1.824    interface_inst/o_leds_OBUF[6]_inst_i_4_n_0
    SLICE_X4Y17          LUT6 (Prop_lut6_I2_O)        0.045     1.869 r  interface_inst/o_leds_OBUF[6]_inst_i_1/O
                         net (fo=3, routed)           0.591     2.461    o_leds_OBUF[6]
    U14                  OBUF (Prop_obuf_I_O)         1.207     3.668 r  o_leds_OBUF[6]_inst/O
                         net (fo=0)                   0.000     3.668    o_leds[6]
    U14                                                               r  o_leds[6]
  -------------------------------------------------------------------    -------------------

Slack:                    inf
  Source:                 interface_inst/data_b_reg[0]/C
                            (rising edge-triggered cell FDRE clocked by sys_clk_pin  {rise@0.000ns fall@5.000ns period=10.000ns})
  Destination:            o_leds[0]
                            (output port)
  Path Group:             (none)
  Path Type:              Min at Fast Process Corner
  Data Path Delay:        2.309ns  (logic 1.437ns (62.231%)  route 0.872ns (37.769%))
  Logic Levels:           3  (LUT5=1 LUT6=1 OBUF=1)
  Clock Uncertainty:      0.025ns  ((TSJ^2 + TIJ^2)^1/2 + DJ) / 2 + PE
    Total System Jitter     (TSJ):    0.050ns
    Total Input Jitter      (TIJ):    0.000ns
    Discrete Jitter          (DJ):    0.000ns
    Phase Error              (PE):    0.000ns

    Location             Delay type                Incr(ns)  Path(ns)    Netlist Resource(s)
  -------------------------------------------------------------------    -------------------
                         (clock sys_clk_pin rise edge)
                                                      0.000     0.000 r  <hidden>
    W5                                                0.000     0.000 r  clk
                         net (fo=0)                   0.000     0.000    clk
    W5                   IBUF (Prop_ibuf_I_O)         0.226     0.226 r  clk_IBUF_inst/O
                         net (fo=1, routed)           0.631     0.858    clk_IBUF
    BUFGCTRL_X0Y0        BUFG (Prop_bufg_I_O)         0.026     0.884 r  clk_IBUF_BUFG_inst/O
                         net (fo=153, routed)         0.588     1.471    interface_inst/clk_IBUF_BUFG
    SLICE_X3Y18          FDRE                                         r  interface_inst/data_b_reg[0]/C
  -------------------------------------------------------------------    -------------------
    SLICE_X3Y18          FDRE (Prop_fdre_C_Q)         0.141     1.612 r  interface_inst/data_b_reg[0]/Q
                         net (fo=13, routed)          0.182     1.794    interface_inst/alu_data_b[0]
    SLICE_X0Y18          LUT5 (Prop_lut5_I4_O)        0.045     1.839 r  interface_inst/o_leds_OBUF[0]_inst_i_3/O
                         net (fo=1, routed)           0.155     1.994    interface_inst/o_leds_OBUF[0]_inst_i_3_n_0
    SLICE_X1Y18          LUT6 (Prop_lut6_I3_O)        0.045     2.039 r  interface_inst/o_leds_OBUF[0]_inst_i_1/O
                         net (fo=2, routed)           0.535     2.574    o_leds_OBUF[0]
    U16                  OBUF (Prop_obuf_I_O)         1.206     3.780 r  o_leds_OBUF[0]_inst/O
                         net (fo=0)                   0.000     3.780    o_leds[0]
    U16                                                               r  o_leds[0]
  -------------------------------------------------------------------    -------------------

Slack:                    inf
  Source:                 interface_inst/opcode_reg[2]/C
                            (rising edge-triggered cell FDRE clocked by sys_clk_pin  {rise@0.000ns fall@5.000ns period=10.000ns})
  Destination:            o_leds[7]
                            (output port)
  Path Group:             (none)
  Path Type:              Min at Fast Process Corner
  Data Path Delay:        2.431ns  (logic 1.433ns (58.938%)  route 0.998ns (41.062%))
  Logic Levels:           3  (LUT5=1 LUT6=1 OBUF=1)
  Clock Uncertainty:      0.025ns  ((TSJ^2 + TIJ^2)^1/2 + DJ) / 2 + PE
    Total System Jitter     (TSJ):    0.050ns
    Total Input Jitter      (TIJ):    0.000ns
    Discrete Jitter          (DJ):    0.000ns
    Phase Error              (PE):    0.000ns

    Location             Delay type                Incr(ns)  Path(ns)    Netlist Resource(s)
  -------------------------------------------------------------------    -------------------
                         (clock sys_clk_pin rise edge)
                                                      0.000     0.000 r  <hidden>
    W5                                                0.000     0.000 r  clk
                         net (fo=0)                   0.000     0.000    clk
    W5                   IBUF (Prop_ibuf_I_O)         0.226     0.226 r  clk_IBUF_inst/O
                         net (fo=1, routed)           0.631     0.858    clk_IBUF
    BUFGCTRL_X0Y0        BUFG (Prop_bufg_I_O)         0.026     0.884 r  clk_IBUF_BUFG_inst/O
                         net (fo=153, routed)         0.585     1.468    interface_inst/clk_IBUF_BUFG
    SLICE_X5Y19          FDRE                                         r  interface_inst/opcode_reg[2]/C
  -------------------------------------------------------------------    -------------------
    SLICE_X5Y19          FDRE (Prop_fdre_C_Q)         0.141     1.609 r  interface_inst/opcode_reg[2]/Q
                         net (fo=36, routed)          0.172     1.781    interface_inst/opcode[2]
    SLICE_X5Y18          LUT6 (Prop_lut6_I3_O)        0.045     1.826 r  interface_inst/o_leds_OBUF[7]_inst_i_3/O
                         net (fo=1, routed)           0.082     1.908    interface_inst/o_leds_OBUF[7]_inst_i_3_n_0
    SLICE_X5Y18          LUT5 (Prop_lut5_I1_O)        0.045     1.953 r  interface_inst/o_leds_OBUF[7]_inst_i_1/O
                         net (fo=3, routed)           0.744     2.697    o_leds_OBUF[7]
    V14                  OBUF (Prop_obuf_I_O)         1.202     3.899 r  o_leds_OBUF[7]_inst/O
                         net (fo=0)                   0.000     3.899    o_leds[7]
    V14                                                               r  o_leds[7]
  -------------------------------------------------------------------    -------------------

Slack:                    inf
  Source:                 interface_inst/opcode_reg[0]/C
                            (rising edge-triggered cell FDRE clocked by sys_clk_pin  {rise@0.000ns fall@5.000ns period=10.000ns})
  Destination:            o_leds[1]
                            (output port)
  Path Group:             (none)
  Path Type:              Min at Fast Process Corner
  Data Path Delay:        2.558ns  (logic 1.462ns (57.132%)  route 1.097ns (42.868%))
  Logic Levels:           3  (LUT5=1 LUT6=1 OBUF=1)
  Clock Uncertainty:      0.025ns  ((TSJ^2 + TIJ^2)^1/2 + DJ) / 2 + PE
    Total System Jitter     (TSJ):    0.050ns
    Total Input Jitter      (TIJ):    0.000ns
    Discrete Jitter          (DJ):    0.000ns
    Phase Error              (PE):    0.000ns

    Location             Delay type                Incr(ns)  Path(ns)    Netlist Resource(s)
  -------------------------------------------------------------------    -------------------
                         (clock sys_clk_pin rise edge)
                                                      0.000     0.000 r  <hidden>
    W5                                                0.000     0.000 r  clk
                         net (fo=0)                   0.000     0.000    clk
    W5                   IBUF (Prop_ibuf_I_O)         0.226     0.226 r  clk_IBUF_inst/O
                         net (fo=1, routed)           0.631     0.858    clk_IBUF
    BUFGCTRL_X0Y0        BUFG (Prop_bufg_I_O)         0.026     0.884 r  clk_IBUF_BUFG_inst/O
                         net (fo=153, routed)         0.585     1.468    interface_inst/clk_IBUF_BUFG
    SLICE_X5Y19          FDRE                                         r  interface_inst/opcode_reg[0]/C
  -------------------------------------------------------------------    -------------------
    SLICE_X5Y19          FDRE (Prop_fdre_C_Q)         0.141     1.609 f  interface_inst/opcode_reg[0]/Q
                         net (fo=32, routed)          0.293     1.903    interface_inst/opcode[0]
    SLICE_X4Y18          LUT6 (Prop_lut6_I2_O)        0.045     1.948 r  interface_inst/o_leds_OBUF[1]_inst_i_4/O
                         net (fo=1, routed)           0.059     2.007    interface_inst/o_leds_OBUF[1]_inst_i_4_n_0
    SLICE_X4Y18          LUT5 (Prop_lut5_I2_O)        0.045     2.052 r  interface_inst/o_leds_OBUF[1]_inst_i_1/O
                         net (fo=2, routed)           0.744     2.796    o_leds_OBUF[1]
    E19                  OBUF (Prop_obuf_I_O)         1.231     4.026 r  o_leds_OBUF[1]_inst/O
                         net (fo=0)                   0.000     4.026    o_leds[1]
    E19                                                               r  o_leds[1]
  -------------------------------------------------------------------    -------------------

Slack:                    inf
  Source:                 uart_tx_inst/tx_reg_reg/C
                            (rising edge-triggered cell FDSE clocked by sys_clk_pin  {rise@0.000ns fall@5.000ns period=10.000ns})
  Destination:            o_tx
                            (output port)
  Path Group:             (none)
  Path Type:              Min at Fast Process Corner
  Data Path Delay:        2.740ns  (logic 1.383ns (50.463%)  route 1.357ns (49.537%))
  Logic Levels:           1  (OBUF=1)
  Clock Uncertainty:      0.025ns  ((TSJ^2 + TIJ^2)^1/2 + DJ) / 2 + PE
    Total System Jitter     (TSJ):    0.050ns
    Total Input Jitter      (TIJ):    0.000ns
    Discrete Jitter          (DJ):    0.000ns
    Phase Error              (PE):    0.000ns

    Location             Delay type                Incr(ns)  Path(ns)    Netlist Resource(s)
  -------------------------------------------------------------------    -------------------
                         (clock sys_clk_pin rise edge)
                                                      0.000     0.000 r  <hidden>
    W5                                                0.000     0.000 r  clk
                         net (fo=0)                   0.000     0.000    clk
    W5                   IBUF (Prop_ibuf_I_O)         0.226     0.226 r  clk_IBUF_inst/O
                         net (fo=1, routed)           0.631     0.858    clk_IBUF
    BUFGCTRL_X0Y0        BUFG (Prop_bufg_I_O)         0.026     0.884 r  clk_IBUF_BUFG_inst/O
                         net (fo=153, routed)         0.591     1.474    uart_tx_inst/clk_IBUF_BUFG
    SLICE_X2Y15          FDSE                                         r  uart_tx_inst/tx_reg_reg/C
  -------------------------------------------------------------------    -------------------
    SLICE_X2Y15          FDSE (Prop_fdse_C_Q)         0.164     1.638 r  uart_tx_inst/tx_reg_reg/Q
                         net (fo=1, routed)           1.357     2.996    o_tx_OBUF
    A18                  OBUF (Prop_obuf_I_O)         1.219     4.214 r  o_tx_OBUF_inst/O
                         net (fo=0)                   0.000     4.214    o_tx
    A18                                                               r  o_tx
  -------------------------------------------------------------------    -------------------





--------------------------------------------------------------------------------------
Path Group:  (none)
From Clock:  
  To Clock:  sys_clk_pin

Max Delay           130 Endpoints
Min Delay           130 Endpoints
--------------------------------------------------------------------------------------


Max Delay Paths
--------------------------------------------------------------------------------------
Slack:                    inf
  Source:                 i_rx
                            (input port)
  Destination:            uart_rx_inst/rx_meta_reg/D
                            (rising edge-triggered cell FDSE clocked by sys_clk_pin  {rise@0.000ns fall@5.000ns period=10.000ns})
  Path Group:             (none)
  Path Type:              Setup (Max at Slow Process Corner)
  Data Path Delay:        4.813ns  (logic 1.456ns (30.254%)  route 3.357ns (69.746%))
  Logic Levels:           1  (IBUF=1)
  Clock Path Skew:        4.852ns (DCD - SCD + CPR)
    Destination Clock Delay (DCD):    4.852ns
    Source Clock Delay      (SCD):    0.000ns
    Clock Pessimism Removal (CPR):    0.000ns
  Clock Uncertainty:      0.025ns  ((TSJ^2 + TIJ^2)^1/2 + DJ) / 2 + PE
    Total System Jitter     (TSJ):    0.050ns
    Total Input Jitter      (TIJ):    0.000ns
    Discrete Jitter          (DJ):    0.000ns
    Phase Error              (PE):    0.000ns

    Location             Delay type                Incr(ns)  Path(ns)    Netlist Resource(s)
  -------------------------------------------------------------------    -------------------
    B18                                               0.000     0.000 r  i_rx
                         net (fo=0)                   0.000     0.000    i_rx
    B18                  IBUF (Prop_ibuf_I_O)         1.456     1.456 r  i_rx_IBUF_inst/O
                         net (fo=1, routed)           3.357     4.813    uart_rx_inst/i_rx_IBUF
    SLICE_X4Y15          FDSE                                         r  uart_rx_inst/rx_meta_reg/D
  -------------------------------------------------------------------    -------------------

                         (clock sys_clk_pin rise edge)
                                                      0.000     0.000 r  <hidden>
    W5                                                0.000     0.000 r  clk
                         net (fo=0)                   0.000     0.000    clk
    W5                   IBUF (Prop_ibuf_I_O)         1.388     1.388 r  clk_IBUF_inst/O
                         net (fo=1, routed)           1.862     3.250    clk_IBUF
    BUFGCTRL_X0Y0        BUFG (Prop_bufg_I_O)         0.091     3.341 r  clk_IBUF_BUFG_inst/O
                         net (fo=153, routed)         1.511     4.852    uart_rx_inst/clk_IBUF_BUFG
    SLICE_X4Y15          FDSE                                         r  uart_rx_inst/rx_meta_reg/C

Slack:                    inf
  Source:                 i_reset
                            (input port)
  Destination:            baud_generator_inst/counter_reg[0]/R
                            (rising edge-triggered cell FDRE clocked by sys_clk_pin  {rise@0.000ns fall@5.000ns period=10.000ns})
  Path Group:             (none)
  Path Type:              Setup (Max at Slow Process Corner)
  Data Path Delay:        4.635ns  (logic 1.593ns (34.374%)  route 3.042ns (65.626%))
  Logic Levels:           2  (IBUF=1 LUT2=1)
  Clock Path Skew:        4.786ns (DCD - SCD + CPR)
    Destination Clock Delay (DCD):    4.786ns
    Source Clock Delay      (SCD):    0.000ns
    Clock Pessimism Removal (CPR):    0.000ns
  Clock Uncertainty:      0.025ns  ((TSJ^2 + TIJ^2)^1/2 + DJ) / 2 + PE
    Total System Jitter     (TSJ):    0.050ns
    Total Input Jitter      (TIJ):    0.000ns
    Discrete Jitter          (DJ):    0.000ns
    Phase Error              (PE):    0.000ns

    Location             Delay type                Incr(ns)  Path(ns)    Netlist Resource(s)
  -------------------------------------------------------------------    -------------------
    U18                                               0.000     0.000 r  i_reset
                         net (fo=0)                   0.000     0.000    i_reset
    U18                  IBUF (Prop_ibuf_I_O)         1.441     1.441 r  i_reset_IBUF_inst/O
                         net (fo=121, routed)         2.330     3.771    baud_generator_inst/SR[0]
    SLICE_X4Y13          LUT2 (Prop_lut2_I0_O)        0.152     3.923 r  baud_generator_inst/counter[8]_i_1/O
                         net (fo=9, routed)           0.712     4.635    baud_generator_inst/counter[8]_i_1_n_0
    SLICE_X9Y14          FDRE                                         r  baud_generator_inst/counter_reg[0]/R
  -------------------------------------------------------------------    -------------------

                         (clock sys_clk_pin rise edge)
                                                      0.000     0.000 r  <hidden>
    W5                                                0.000     0.000 r  clk
                         net (fo=0)                   0.000     0.000    clk
    W5                   IBUF (Prop_ibuf_I_O)         1.388     1.388 r  clk_IBUF_inst/O
                         net (fo=1, routed)           1.862     3.250    clk_IBUF
    BUFGCTRL_X0Y0        BUFG (Prop_bufg_I_O)         0.091     3.341 r  clk_IBUF_BUFG_inst/O
                         net (fo=153, routed)         1.445     4.786    baud_generator_inst/clk_IBUF_BUFG
    SLICE_X9Y14          FDRE                                         r  baud_generator_inst/counter_reg[0]/C

Slack:                    inf
  Source:                 i_reset
                            (input port)
  Destination:            baud_generator_inst/counter_reg[1]/R
                            (rising edge-triggered cell FDRE clocked by sys_clk_pin  {rise@0.000ns fall@5.000ns period=10.000ns})
  Path Group:             (none)
  Path Type:              Setup (Max at Slow Process Corner)
  Data Path Delay:        4.635ns  (logic 1.593ns (34.374%)  route 3.042ns (65.626%))
  Logic Levels:           2  (IBUF=1 LUT2=1)
  Clock Path Skew:        4.786ns (DCD - SCD + CPR)
    Destination Clock Delay (DCD):    4.786ns
    Source Clock Delay      (SCD):    0.000ns
    Clock Pessimism Removal (CPR):    0.000ns
  Clock Uncertainty:      0.025ns  ((TSJ^2 + TIJ^2)^1/2 + DJ) / 2 + PE
    Total System Jitter     (TSJ):    0.050ns
    Total Input Jitter      (TIJ):    0.000ns
    Discrete Jitter          (DJ):    0.000ns
    Phase Error              (PE):    0.000ns

    Location             Delay type                Incr(ns)  Path(ns)    Netlist Resource(s)
  -------------------------------------------------------------------    -------------------
    U18                                               0.000     0.000 r  i_reset
                         net (fo=0)                   0.000     0.000    i_reset
    U18                  IBUF (Prop_ibuf_I_O)         1.441     1.441 r  i_reset_IBUF_inst/O
                         net (fo=121, routed)         2.330     3.771    baud_generator_inst/SR[0]
    SLICE_X4Y13          LUT2 (Prop_lut2_I0_O)        0.152     3.923 r  baud_generator_inst/counter[8]_i_1/O
                         net (fo=9, routed)           0.712     4.635    baud_generator_inst/counter[8]_i_1_n_0
    SLICE_X9Y14          FDRE                                         r  baud_generator_inst/counter_reg[1]/R
  -------------------------------------------------------------------    -------------------

                         (clock sys_clk_pin rise edge)
                                                      0.000     0.000 r  <hidden>
    W5                                                0.000     0.000 r  clk
                         net (fo=0)                   0.000     0.000    clk
    W5                   IBUF (Prop_ibuf_I_O)         1.388     1.388 r  clk_IBUF_inst/O
                         net (fo=1, routed)           1.862     3.250    clk_IBUF
    BUFGCTRL_X0Y0        BUFG (Prop_bufg_I_O)         0.091     3.341 r  clk_IBUF_BUFG_inst/O
                         net (fo=153, routed)         1.445     4.786    baud_generator_inst/clk_IBUF_BUFG
    SLICE_X9Y14          FDRE                                         r  baud_generator_inst/counter_reg[1]/C

Slack:                    inf
  Source:                 i_reset
                            (input port)
  Destination:            baud_generator_inst/counter_reg[2]/R
                            (rising edge-triggered cell FDRE clocked by sys_clk_pin  {rise@0.000ns fall@5.000ns period=10.000ns})
  Path Group:             (none)
  Path Type:              Setup (Max at Slow Process Corner)
  Data Path Delay:        4.635ns  (logic 1.593ns (34.374%)  route 3.042ns (65.626%))
  Logic Levels:           2  (IBUF=1 LUT2=1)
  Clock Path Skew:        4.786ns (DCD - SCD + CPR)
    Destination Clock Delay (DCD):    4.786ns
    Source Clock Delay      (SCD):    0.000ns
    Clock Pessimism Removal (CPR):    0.000ns
  Clock Uncertainty:      0.025ns  ((TSJ^2 + TIJ^2)^1/2 + DJ) / 2 + PE
    Total System Jitter     (TSJ):    0.050ns
    Total Input Jitter      (TIJ):    0.000ns
    Discrete Jitter          (DJ):    0.000ns
    Phase Error              (PE):    0.000ns

    Location             Delay type                Incr(ns)  Path(ns)    Netlist Resource(s)
  -------------------------------------------------------------------    -------------------
    U18                                               0.000     0.000 r  i_reset
                         net (fo=0)                   0.000     0.000    i_reset
    U18                  IBUF (Prop_ibuf_I_O)         1.441     1.441 r  i_reset_IBUF_inst/O
                         net (fo=121, routed)         2.330     3.771    baud_generator_inst/SR[0]
    SLICE_X4Y13          LUT2 (Prop_lut2_I0_O)        0.152     3.923 r  baud_generator_inst/counter[8]_i_1/O
                         net (fo=9, routed)           0.712     4.635    baud_generator_inst/counter[8]_i_1_n_0
    SLICE_X8Y14          FDRE                                         r  baud_generator_inst/counter_reg[2]/R
  -------------------------------------------------------------------    -------------------

                         (clock sys_clk_pin rise edge)
                                                      0.000     0.000 r  <hidden>
    W5                                                0.000     0.000 r  clk
                         net (fo=0)                   0.000     0.000    clk
    W5                   IBUF (Prop_ibuf_I_O)         1.388     1.388 r  clk_IBUF_inst/O
                         net (fo=1, routed)           1.862     3.250    clk_IBUF
    BUFGCTRL_X0Y0        BUFG (Prop_bufg_I_O)         0.091     3.341 r  clk_IBUF_BUFG_inst/O
                         net (fo=153, routed)         1.445     4.786    baud_generator_inst/clk_IBUF_BUFG
    SLICE_X8Y14          FDRE                                         r  baud_generator_inst/counter_reg[2]/C

Slack:                    inf
  Source:                 i_reset
                            (input port)
  Destination:            baud_generator_inst/counter_reg[3]/R
                            (rising edge-triggered cell FDRE clocked by sys_clk_pin  {rise@0.000ns fall@5.000ns period=10.000ns})
  Path Group:             (none)
  Path Type:              Setup (Max at Slow Process Corner)
  Data Path Delay:        4.635ns  (logic 1.593ns (34.374%)  route 3.042ns (65.626%))
  Logic Levels:           2  (IBUF=1 LUT2=1)
  Clock Path Skew:        4.786ns (DCD - SCD + CPR)
    Destination Clock Delay (DCD):    4.786ns
    Source Clock Delay      (SCD):    0.000ns
    Clock Pessimism Removal (CPR):    0.000ns
  Clock Uncertainty:      0.025ns  ((TSJ^2 + TIJ^2)^1/2 + DJ) / 2 + PE
    Total System Jitter     (TSJ):    0.050ns
    Total Input Jitter      (TIJ):    0.000ns
    Discrete Jitter          (DJ):    0.000ns
    Phase Error              (PE):    0.000ns

    Location             Delay type                Incr(ns)  Path(ns)    Netlist Resource(s)
  -------------------------------------------------------------------    -------------------
    U18                                               0.000     0.000 r  i_reset
                         net (fo=0)                   0.000     0.000    i_reset
    U18                  IBUF (Prop_ibuf_I_O)         1.441     1.441 r  i_reset_IBUF_inst/O
                         net (fo=121, routed)         2.330     3.771    baud_generator_inst/SR[0]
    SLICE_X4Y13          LUT2 (Prop_lut2_I0_O)        0.152     3.923 r  baud_generator_inst/counter[8]_i_1/O
                         net (fo=9, routed)           0.712     4.635    baud_generator_inst/counter[8]_i_1_n_0
    SLICE_X9Y14          FDRE                                         r  baud_generator_inst/counter_reg[3]/R
  -------------------------------------------------------------------    -------------------

                         (clock sys_clk_pin rise edge)
                                                      0.000     0.000 r  <hidden>
    W5                                                0.000     0.000 r  clk
                         net (fo=0)                   0.000     0.000    clk
    W5                   IBUF (Prop_ibuf_I_O)         1.388     1.388 r  clk_IBUF_inst/O
                         net (fo=1, routed)           1.862     3.250    clk_IBUF
    BUFGCTRL_X0Y0        BUFG (Prop_bufg_I_O)         0.091     3.341 r  clk_IBUF_BUFG_inst/O
                         net (fo=153, routed)         1.445     4.786    baud_generator_inst/clk_IBUF_BUFG
    SLICE_X9Y14          FDRE                                         r  baud_generator_inst/counter_reg[3]/C

Slack:                    inf
  Source:                 i_reset
                            (input port)
  Destination:            baud_generator_inst/counter_reg[4]/R
                            (rising edge-triggered cell FDRE clocked by sys_clk_pin  {rise@0.000ns fall@5.000ns period=10.000ns})
  Path Group:             (none)
  Path Type:              Setup (Max at Slow Process Corner)
  Data Path Delay:        4.635ns  (logic 1.593ns (34.374%)  route 3.042ns (65.626%))
  Logic Levels:           2  (IBUF=1 LUT2=1)
  Clock Path Skew:        4.786ns (DCD - SCD + CPR)
    Destination Clock Delay (DCD):    4.786ns
    Source Clock Delay      (SCD):    0.000ns
    Clock Pessimism Removal (CPR):    0.000ns
  Clock Uncertainty:      0.025ns  ((TSJ^2 + TIJ^2)^1/2 + DJ) / 2 + PE
    Total System Jitter     (TSJ):    0.050ns
    Total Input Jitter      (TIJ):    0.000ns
    Discrete Jitter          (DJ):    0.000ns
    Phase Error              (PE):    0.000ns

    Location             Delay type                Incr(ns)  Path(ns)    Netlist Resource(s)
  -------------------------------------------------------------------    -------------------
    U18                                               0.000     0.000 r  i_reset
                         net (fo=0)                   0.000     0.000    i_reset
    U18                  IBUF (Prop_ibuf_I_O)         1.441     1.441 r  i_reset_IBUF_inst/O
                         net (fo=121, routed)         2.330     3.771    baud_generator_inst/SR[0]
    SLICE_X4Y13          LUT2 (Prop_lut2_I0_O)        0.152     3.923 r  baud_generator_inst/counter[8]_i_1/O
                         net (fo=9, routed)           0.712     4.635    baud_generator_inst/counter[8]_i_1_n_0
    SLICE_X9Y14          FDRE                                         r  baud_generator_inst/counter_reg[4]/R
  -------------------------------------------------------------------    -------------------

                         (clock sys_clk_pin rise edge)
                                                      0.000     0.000 r  <hidden>
    W5                                                0.000     0.000 r  clk
                         net (fo=0)                   0.000     0.000    clk
    W5                   IBUF (Prop_ibuf_I_O)         1.388     1.388 r  clk_IBUF_inst/O
                         net (fo=1, routed)           1.862     3.250    clk_IBUF
    BUFGCTRL_X0Y0        BUFG (Prop_bufg_I_O)         0.091     3.341 r  clk_IBUF_BUFG_inst/O
                         net (fo=153, routed)         1.445     4.786    baud_generator_inst/clk_IBUF_BUFG
    SLICE_X9Y14          FDRE                                         r  baud_generator_inst/counter_reg[4]/C

Slack:                    inf
  Source:                 i_reset
                            (input port)
  Destination:            baud_generator_inst/counter_reg[5]/R
                            (rising edge-triggered cell FDRE clocked by sys_clk_pin  {rise@0.000ns fall@5.000ns period=10.000ns})
  Path Group:             (none)
  Path Type:              Setup (Max at Slow Process Corner)
  Data Path Delay:        4.635ns  (logic 1.593ns (34.374%)  route 3.042ns (65.626%))
  Logic Levels:           2  (IBUF=1 LUT2=1)
  Clock Path Skew:        4.786ns (DCD - SCD + CPR)
    Destination Clock Delay (DCD):    4.786ns
    Source Clock Delay      (SCD):    0.000ns
    Clock Pessimism Removal (CPR):    0.000ns
  Clock Uncertainty:      0.025ns  ((TSJ^2 + TIJ^2)^1/2 + DJ) / 2 + PE
    Total System Jitter     (TSJ):    0.050ns
    Total Input Jitter      (TIJ):    0.000ns
    Discrete Jitter          (DJ):    0.000ns
    Phase Error              (PE):    0.000ns

    Location             Delay type                Incr(ns)  Path(ns)    Netlist Resource(s)
  -------------------------------------------------------------------    -------------------
    U18                                               0.000     0.000 r  i_reset
                         net (fo=0)                   0.000     0.000    i_reset
    U18                  IBUF (Prop_ibuf_I_O)         1.441     1.441 r  i_reset_IBUF_inst/O
                         net (fo=121, routed)         2.330     3.771    baud_generator_inst/SR[0]
    SLICE_X4Y13          LUT2 (Prop_lut2_I0_O)        0.152     3.923 r  baud_generator_inst/counter[8]_i_1/O
                         net (fo=9, routed)           0.712     4.635    baud_generator_inst/counter[8]_i_1_n_0
    SLICE_X9Y14          FDRE                                         r  baud_generator_inst/counter_reg[5]/R
  -------------------------------------------------------------------    -------------------

                         (clock sys_clk_pin rise edge)
                                                      0.000     0.000 r  <hidden>
    W5                                                0.000     0.000 r  clk
                         net (fo=0)                   0.000     0.000    clk
    W5                   IBUF (Prop_ibuf_I_O)         1.388     1.388 r  clk_IBUF_inst/O
                         net (fo=1, routed)           1.862     3.250    clk_IBUF
    BUFGCTRL_X0Y0        BUFG (Prop_bufg_I_O)         0.091     3.341 r  clk_IBUF_BUFG_inst/O
                         net (fo=153, routed)         1.445     4.786    baud_generator_inst/clk_IBUF_BUFG
    SLICE_X9Y14          FDRE                                         r  baud_generator_inst/counter_reg[5]/C

Slack:                    inf
  Source:                 i_reset
                            (input port)
  Destination:            baud_generator_inst/counter_reg[6]/R
                            (rising edge-triggered cell FDRE clocked by sys_clk_pin  {rise@0.000ns fall@5.000ns period=10.000ns})
  Path Group:             (none)
  Path Type:              Setup (Max at Slow Process Corner)
  Data Path Delay:        4.635ns  (logic 1.593ns (34.374%)  route 3.042ns (65.626%))
  Logic Levels:           2  (IBUF=1 LUT2=1)
  Clock Path Skew:        4.786ns (DCD - SCD + CPR)
    Destination Clock Delay (DCD):    4.786ns
    Source Clock Delay      (SCD):    0.000ns
    Clock Pessimism Removal (CPR):    0.000ns
  Clock Uncertainty:      0.025ns  ((TSJ^2 + TIJ^2)^1/2 + DJ) / 2 + PE
    Total System Jitter     (TSJ):    0.050ns
    Total Input Jitter      (TIJ):    0.000ns
    Discrete Jitter          (DJ):    0.000ns
    Phase Error              (PE):    0.000ns

    Location             Delay type                Incr(ns)  Path(ns)    Netlist Resource(s)
  -------------------------------------------------------------------    -------------------
    U18                                               0.000     0.000 r  i_reset
                         net (fo=0)                   0.000     0.000    i_reset
    U18                  IBUF (Prop_ibuf_I_O)         1.441     1.441 r  i_reset_IBUF_inst/O
                         net (fo=121, routed)         2.330     3.771    baud_generator_inst/SR[0]
    SLICE_X4Y13          LUT2 (Prop_lut2_I0_O)        0.152     3.923 r  baud_generator_inst/counter[8]_i_1/O
                         net (fo=9, routed)           0.712     4.635    baud_generator_inst/counter[8]_i_1_n_0
    SLICE_X8Y14          FDRE                                         r  baud_generator_inst/counter_reg[6]/R
  -------------------------------------------------------------------    -------------------

                         (clock sys_clk_pin rise edge)
                                                      0.000     0.000 r  <hidden>
    W5                                                0.000     0.000 r  clk
                         net (fo=0)                   0.000     0.000    clk
    W5                   IBUF (Prop_ibuf_I_O)         1.388     1.388 r  clk_IBUF_inst/O
                         net (fo=1, routed)           1.862     3.250    clk_IBUF
    BUFGCTRL_X0Y0        BUFG (Prop_bufg_I_O)         0.091     3.341 r  clk_IBUF_BUFG_inst/O
                         net (fo=153, routed)         1.445     4.786    baud_generator_inst/clk_IBUF_BUFG
    SLICE_X8Y14          FDRE                                         r  baud_generator_inst/counter_reg[6]/C

Slack:                    inf
  Source:                 i_reset
                            (input port)
  Destination:            baud_generator_inst/counter_reg[7]/R
                            (rising edge-triggered cell FDRE clocked by sys_clk_pin  {rise@0.000ns fall@5.000ns period=10.000ns})
  Path Group:             (none)
  Path Type:              Setup (Max at Slow Process Corner)
  Data Path Delay:        4.635ns  (logic 1.593ns (34.374%)  route 3.042ns (65.626%))
  Logic Levels:           2  (IBUF=1 LUT2=1)
  Clock Path Skew:        4.786ns (DCD - SCD + CPR)
    Destination Clock Delay (DCD):    4.786ns
    Source Clock Delay      (SCD):    0.000ns
    Clock Pessimism Removal (CPR):    0.000ns
  Clock Uncertainty:      0.025ns  ((TSJ^2 + TIJ^2)^1/2 + DJ) / 2 + PE
    Total System Jitter     (TSJ):    0.050ns
    Total Input Jitter      (TIJ):    0.000ns
    Discrete Jitter          (DJ):    0.000ns
    Phase Error              (PE):    0.000ns

    Location             Delay type                Incr(ns)  Path(ns)    Netlist Resource(s)
  -------------------------------------------------------------------    -------------------
    U18                                               0.000     0.000 r  i_reset
                         net (fo=0)                   0.000     0.000    i_reset
    U18                  IBUF (Prop_ibuf_I_O)         1.441     1.441 r  i_reset_IBUF_inst/O
                         net (fo=121, routed)         2.330     3.771    baud_generator_inst/SR[0]
    SLICE_X4Y13          LUT2 (Prop_lut2_I0_O)        0.152     3.923 r  baud_generator_inst/counter[8]_i_1/O
                         net (fo=9, routed)           0.712     4.635    baud_generator_inst/counter[8]_i_1_n_0
    SLICE_X8Y14          FDRE                                         r  baud_generator_inst/counter_reg[7]/R
  -------------------------------------------------------------------    -------------------

                         (clock sys_clk_pin rise edge)
                                                      0.000     0.000 r  <hidden>
    W5                                                0.000     0.000 r  clk
                         net (fo=0)                   0.000     0.000    clk
    W5                   IBUF (Prop_ibuf_I_O)         1.388     1.388 r  clk_IBUF_inst/O
                         net (fo=1, routed)           1.862     3.250    clk_IBUF
    BUFGCTRL_X0Y0        BUFG (Prop_bufg_I_O)         0.091     3.341 r  clk_IBUF_BUFG_inst/O
                         net (fo=153, routed)         1.445     4.786    baud_generator_inst/clk_IBUF_BUFG
    SLICE_X8Y14          FDRE                                         r  baud_generator_inst/counter_reg[7]/C

Slack:                    inf
  Source:                 i_reset
                            (input port)
  Destination:            baud_generator_inst/counter_reg[8]/R
                            (rising edge-triggered cell FDRE clocked by sys_clk_pin  {rise@0.000ns fall@5.000ns period=10.000ns})
  Path Group:             (none)
  Path Type:              Setup (Max at Slow Process Corner)
  Data Path Delay:        4.635ns  (logic 1.593ns (34.374%)  route 3.042ns (65.626%))
  Logic Levels:           2  (IBUF=1 LUT2=1)
  Clock Path Skew:        4.786ns (DCD - SCD + CPR)
    Destination Clock Delay (DCD):    4.786ns
    Source Clock Delay      (SCD):    0.000ns
    Clock Pessimism Removal (CPR):    0.000ns
  Clock Uncertainty:      0.025ns  ((TSJ^2 + TIJ^2)^1/2 + DJ) / 2 + PE
    Total System Jitter     (TSJ):    0.050ns
    Total Input Jitter      (TIJ):    0.000ns
    Discrete Jitter          (DJ):    0.000ns
    Phase Error              (PE):    0.000ns

    Location             Delay type                Incr(ns)  Path(ns)    Netlist Resource(s)
  -------------------------------------------------------------------    -------------------
    U18                                               0.000     0.000 r  i_reset
                         net (fo=0)                   0.000     0.000    i_reset
    U18                  IBUF (Prop_ibuf_I_O)         1.441     1.441 r  i_reset_IBUF_inst/O
                         net (fo=121, routed)         2.330     3.771    baud_generator_inst/SR[0]
    SLICE_X4Y13          LUT2 (Prop_lut2_I0_O)        0.152     3.923 r  baud_generator_inst/counter[8]_i_1/O
                         net (fo=9, routed)           0.712     4.635    baud_generator_inst/counter[8]_i_1_n_0
    SLICE_X8Y14          FDRE                                         r  baud_generator_inst/counter_reg[8]/R
  -------------------------------------------------------------------    -------------------

                         (clock sys_clk_pin rise edge)
                                                      0.000     0.000 r  <hidden>
    W5                                                0.000     0.000 r  clk
                         net (fo=0)                   0.000     0.000    clk
    W5                   IBUF (Prop_ibuf_I_O)         1.388     1.388 r  clk_IBUF_inst/O
                         net (fo=1, routed)           1.862     3.250    clk_IBUF
    BUFGCTRL_X0Y0        BUFG (Prop_bufg_I_O)         0.091     3.341 r  clk_IBUF_BUFG_inst/O
                         net (fo=153, routed)         1.445     4.786    baud_generator_inst/clk_IBUF_BUFG
    SLICE_X8Y14          FDRE                                         r  baud_generator_inst/counter_reg[8]/C





Min Delay Paths
--------------------------------------------------------------------------------------
Slack:                    inf
  Source:                 i_reset
                            (input port)
  Destination:            uart_tx_inst/FSM_sequential_state_reg_reg[1]/R
                            (rising edge-triggered cell FDRE clocked by sys_clk_pin  {rise@0.000ns fall@5.000ns period=10.000ns})
  Path Group:             (none)
  Path Type:              Hold (Min at Fast Process Corner)
  Data Path Delay:        0.641ns  (logic 0.210ns (32.668%)  route 0.432ns (67.332%))
  Logic Levels:           1  (IBUF=1)
  Clock Path Skew:        1.988ns (DCD - SCD - CPR)
    Destination Clock Delay (DCD):    1.988ns
    Source Clock Delay      (SCD):    0.000ns
    Clock Pessimism Removal (CPR):    -0.000ns

    Location             Delay type                Incr(ns)  Path(ns)    Netlist Resource(s)
  -------------------------------------------------------------------    -------------------
    U18                                               0.000     0.000 r  i_reset
                         net (fo=0)                   0.000     0.000    i_reset
    U18                  IBUF (Prop_ibuf_I_O)         0.210     0.210 r  i_reset_IBUF_inst/O
                         net (fo=121, routed)         0.432     0.641    uart_tx_inst/SR[0]
    SLICE_X3Y13          FDRE                                         r  uart_tx_inst/FSM_sequential_state_reg_reg[1]/R
  -------------------------------------------------------------------    -------------------

                         (clock sys_clk_pin rise edge)
                                                      0.000     0.000 r  <hidden>
    W5                                                0.000     0.000 r  clk
                         net (fo=0)                   0.000     0.000    clk
    W5                   IBUF (Prop_ibuf_I_O)         0.414     0.414 r  clk_IBUF_inst/O
                         net (fo=1, routed)           0.685     1.099    clk_IBUF
    BUFGCTRL_X0Y0        BUFG (Prop_bufg_I_O)         0.029     1.128 r  clk_IBUF_BUFG_inst/O
                         net (fo=153, routed)         0.861     1.988    uart_tx_inst/clk_IBUF_BUFG
    SLICE_X3Y13          FDRE                                         r  uart_tx_inst/FSM_sequential_state_reg_reg[1]/C

Slack:                    inf
  Source:                 i_reset
                            (input port)
  Destination:            uart_tx_inst/tick_count_reg[0]/R
                            (rising edge-triggered cell FDRE clocked by sys_clk_pin  {rise@0.000ns fall@5.000ns period=10.000ns})
  Path Group:             (none)
  Path Type:              Hold (Min at Fast Process Corner)
  Data Path Delay:        0.641ns  (logic 0.210ns (32.668%)  route 0.432ns (67.332%))
  Logic Levels:           1  (IBUF=1)
  Clock Path Skew:        1.988ns (DCD - SCD - CPR)
    Destination Clock Delay (DCD):    1.988ns
    Source Clock Delay      (SCD):    0.000ns
    Clock Pessimism Removal (CPR):    -0.000ns

    Location             Delay type                Incr(ns)  Path(ns)    Netlist Resource(s)
  -------------------------------------------------------------------    -------------------
    U18                                               0.000     0.000 r  i_reset
                         net (fo=0)                   0.000     0.000    i_reset
    U18                  IBUF (Prop_ibuf_I_O)         0.210     0.210 r  i_reset_IBUF_inst/O
                         net (fo=121, routed)         0.432     0.641    uart_tx_inst/SR[0]
    SLICE_X2Y13          FDRE                                         r  uart_tx_inst/tick_count_reg[0]/R
  -------------------------------------------------------------------    -------------------

                         (clock sys_clk_pin rise edge)
                                                      0.000     0.000 r  <hidden>
    W5                                                0.000     0.000 r  clk
                         net (fo=0)                   0.000     0.000    clk
    W5                   IBUF (Prop_ibuf_I_O)         0.414     0.414 r  clk_IBUF_inst/O
                         net (fo=1, routed)           0.685     1.099    clk_IBUF
    BUFGCTRL_X0Y0        BUFG (Prop_bufg_I_O)         0.029     1.128 r  clk_IBUF_BUFG_inst/O
                         net (fo=153, routed)         0.861     1.988    uart_tx_inst/clk_IBUF_BUFG
    SLICE_X2Y13          FDRE                                         r  uart_tx_inst/tick_count_reg[0]/C

Slack:                    inf
  Source:                 i_reset
                            (input port)
  Destination:            uart_tx_inst/tick_count_reg[1]/R
                            (rising edge-triggered cell FDRE clocked by sys_clk_pin  {rise@0.000ns fall@5.000ns period=10.000ns})
  Path Group:             (none)
  Path Type:              Hold (Min at Fast Process Corner)
  Data Path Delay:        0.641ns  (logic 0.210ns (32.668%)  route 0.432ns (67.332%))
  Logic Levels:           1  (IBUF=1)
  Clock Path Skew:        1.988ns (DCD - SCD - CPR)
    Destination Clock Delay (DCD):    1.988ns
    Source Clock Delay      (SCD):    0.000ns
    Clock Pessimism Removal (CPR):    -0.000ns

    Location             Delay type                Incr(ns)  Path(ns)    Netlist Resource(s)
  -------------------------------------------------------------------    -------------------
    U18                                               0.000     0.000 r  i_reset
                         net (fo=0)                   0.000     0.000    i_reset
    U18                  IBUF (Prop_ibuf_I_O)         0.210     0.210 r  i_reset_IBUF_inst/O
                         net (fo=121, routed)         0.432     0.641    uart_tx_inst/SR[0]
    SLICE_X2Y13          FDRE                                         r  uart_tx_inst/tick_count_reg[1]/R
  -------------------------------------------------------------------    -------------------

                         (clock sys_clk_pin rise edge)
                                                      0.000     0.000 r  <hidden>
    W5                                                0.000     0.000 r  clk
                         net (fo=0)                   0.000     0.000    clk
    W5                   IBUF (Prop_ibuf_I_O)         0.414     0.414 r  clk_IBUF_inst/O
                         net (fo=1, routed)           0.685     1.099    clk_IBUF
    BUFGCTRL_X0Y0        BUFG (Prop_bufg_I_O)         0.029     1.128 r  clk_IBUF_BUFG_inst/O
                         net (fo=153, routed)         0.861     1.988    uart_tx_inst/clk_IBUF_BUFG
    SLICE_X2Y13          FDRE                                         r  uart_tx_inst/tick_count_reg[1]/C

Slack:                    inf
  Source:                 i_reset
                            (input port)
  Destination:            uart_tx_inst/tick_count_reg[2]/R
                            (rising edge-triggered cell FDRE clocked by sys_clk_pin  {rise@0.000ns fall@5.000ns period=10.000ns})
  Path Group:             (none)
  Path Type:              Hold (Min at Fast Process Corner)
  Data Path Delay:        0.641ns  (logic 0.210ns (32.668%)  route 0.432ns (67.332%))
  Logic Levels:           1  (IBUF=1)
  Clock Path Skew:        1.988ns (DCD - SCD - CPR)
    Destination Clock Delay (DCD):    1.988ns
    Source Clock Delay      (SCD):    0.000ns
    Clock Pessimism Removal (CPR):    -0.000ns

    Location             Delay type                Incr(ns)  Path(ns)    Netlist Resource(s)
  -------------------------------------------------------------------    -------------------
    U18                                               0.000     0.000 r  i_reset
                         net (fo=0)                   0.000     0.000    i_reset
    U18                  IBUF (Prop_ibuf_I_O)         0.210     0.210 r  i_reset_IBUF_inst/O
                         net (fo=121, routed)         0.432     0.641    uart_tx_inst/SR[0]
    SLICE_X2Y13          FDRE                                         r  uart_tx_inst/tick_count_reg[2]/R
  -------------------------------------------------------------------    -------------------

                         (clock sys_clk_pin rise edge)
                                                      0.000     0.000 r  <hidden>
    W5                                                0.000     0.000 r  clk
                         net (fo=0)                   0.000     0.000    clk
    W5                   IBUF (Prop_ibuf_I_O)         0.414     0.414 r  clk_IBUF_inst/O
                         net (fo=1, routed)           0.685     1.099    clk_IBUF
    BUFGCTRL_X0Y0        BUFG (Prop_bufg_I_O)         0.029     1.128 r  clk_IBUF_BUFG_inst/O
                         net (fo=153, routed)         0.861     1.988    uart_tx_inst/clk_IBUF_BUFG
    SLICE_X2Y13          FDRE                                         r  uart_tx_inst/tick_count_reg[2]/C

Slack:                    inf
  Source:                 i_reset
                            (input port)
  Destination:            uart_tx_inst/tick_count_reg[3]/R
                            (rising edge-triggered cell FDRE clocked by sys_clk_pin  {rise@0.000ns fall@5.000ns period=10.000ns})
  Path Group:             (none)
  Path Type:              Hold (Min at Fast Process Corner)
  Data Path Delay:        0.641ns  (logic 0.210ns (32.668%)  route 0.432ns (67.332%))
  Logic Levels:           1  (IBUF=1)
  Clock Path Skew:        1.988ns (DCD - SCD - CPR)
    Destination Clock Delay (DCD):    1.988ns
    Source Clock Delay      (SCD):    0.000ns
    Clock Pessimism Removal (CPR):    -0.000ns

    Location             Delay type                Incr(ns)  Path(ns)    Netlist Resource(s)
  -------------------------------------------------------------------    -------------------
    U18                                               0.000     0.000 r  i_reset
                         net (fo=0)                   0.000     0.000    i_reset
    U18                  IBUF (Prop_ibuf_I_O)         0.210     0.210 r  i_reset_IBUF_inst/O
                         net (fo=121, routed)         0.432     0.641    uart_tx_inst/SR[0]
    SLICE_X2Y13          FDRE                                         r  uart_tx_inst/tick_count_reg[3]/R
  -------------------------------------------------------------------    -------------------

                         (clock sys_clk_pin rise edge)
                                                      0.000     0.000 r  <hidden>
    W5                                                0.000     0.000 r  clk
                         net (fo=0)                   0.000     0.000    clk
    W5                   IBUF (Prop_ibuf_I_O)         0.414     0.414 r  clk_IBUF_inst/O
                         net (fo=1, routed)           0.685     1.099    clk_IBUF
    BUFGCTRL_X0Y0        BUFG (Prop_bufg_I_O)         0.029     1.128 r  clk_IBUF_BUFG_inst/O
                         net (fo=153, routed)         0.861     1.988    uart_tx_inst/clk_IBUF_BUFG
    SLICE_X2Y13          FDRE                                         r  uart_tx_inst/tick_count_reg[3]/C

Slack:                    inf
  Source:                 i_reset
                            (input port)
  Destination:            fifo_tx_inst/count_reg_reg[0]/R
                            (rising edge-triggered cell FDRE clocked by sys_clk_pin  {rise@0.000ns fall@5.000ns period=10.000ns})
  Path Group:             (none)
  Path Type:              Hold (Min at Fast Process Corner)
  Data Path Delay:        0.712ns  (logic 0.210ns (29.424%)  route 0.503ns (70.576%))
  Logic Levels:           1  (IBUF=1)
  Clock Path Skew:        1.988ns (DCD - SCD - CPR)
    Destination Clock Delay (DCD):    1.988ns
    Source Clock Delay      (SCD):    0.000ns
    Clock Pessimism Removal (CPR):    -0.000ns

    Location             Delay type                Incr(ns)  Path(ns)    Netlist Resource(s)
  -------------------------------------------------------------------    -------------------
    U18                                               0.000     0.000 r  i_reset
                         net (fo=0)                   0.000     0.000    i_reset
    U18                  IBUF (Prop_ibuf_I_O)         0.210     0.210 r  i_reset_IBUF_inst/O
                         net (fo=121, routed)         0.503     0.712    fifo_tx_inst/SR[0]
    SLICE_X2Y14          FDRE                                         r  fifo_tx_inst/count_reg_reg[0]/R
  -------------------------------------------------------------------    -------------------

                         (clock sys_clk_pin rise edge)
                                                      0.000     0.000 r  <hidden>
    W5                                                0.000     0.000 r  clk
                         net (fo=0)                   0.000     0.000    clk
    W5                   IBUF (Prop_ibuf_I_O)         0.414     0.414 r  clk_IBUF_inst/O
                         net (fo=1, routed)           0.685     1.099    clk_IBUF
    BUFGCTRL_X0Y0        BUFG (Prop_bufg_I_O)         0.029     1.128 r  clk_IBUF_BUFG_inst/O
                         net (fo=153, routed)         0.861     1.988    fifo_tx_inst/clk_IBUF_BUFG
    SLICE_X2Y14          FDRE                                         r  fifo_tx_inst/count_reg_reg[0]/C

Slack:                    inf
  Source:                 i_reset
                            (input port)
  Destination:            fifo_tx_inst/count_reg_reg[1]/R
                            (rising edge-triggered cell FDRE clocked by sys_clk_pin  {rise@0.000ns fall@5.000ns period=10.000ns})
  Path Group:             (none)
  Path Type:              Hold (Min at Fast Process Corner)
  Data Path Delay:        0.712ns  (logic 0.210ns (29.424%)  route 0.503ns (70.576%))
  Logic Levels:           1  (IBUF=1)
  Clock Path Skew:        1.988ns (DCD - SCD - CPR)
    Destination Clock Delay (DCD):    1.988ns
    Source Clock Delay      (SCD):    0.000ns
    Clock Pessimism Removal (CPR):    -0.000ns

    Location             Delay type                Incr(ns)  Path(ns)    Netlist Resource(s)
  -------------------------------------------------------------------    -------------------
    U18                                               0.000     0.000 r  i_reset
                         net (fo=0)                   0.000     0.000    i_reset
    U18                  IBUF (Prop_ibuf_I_O)         0.210     0.210 r  i_reset_IBUF_inst/O
                         net (fo=121, routed)         0.503     0.712    fifo_tx_inst/SR[0]
    SLICE_X2Y14          FDRE                                         r  fifo_tx_inst/count_reg_reg[1]/R
  -------------------------------------------------------------------    -------------------

                         (clock sys_clk_pin rise edge)
                                                      0.000     0.000 r  <hidden>
    W5                                                0.000     0.000 r  clk
                         net (fo=0)                   0.000     0.000    clk
    W5                   IBUF (Prop_ibuf_I_O)         0.414     0.414 r  clk_IBUF_inst/O
                         net (fo=1, routed)           0.685     1.099    clk_IBUF
    BUFGCTRL_X0Y0        BUFG (Prop_bufg_I_O)         0.029     1.128 r  clk_IBUF_BUFG_inst/O
                         net (fo=153, routed)         0.861     1.988    fifo_tx_inst/clk_IBUF_BUFG
    SLICE_X2Y14          FDRE                                         r  fifo_tx_inst/count_reg_reg[1]/C

Slack:                    inf
  Source:                 i_reset
                            (input port)
  Destination:            fifo_tx_inst/count_reg_reg[2]/R
                            (rising edge-triggered cell FDRE clocked by sys_clk_pin  {rise@0.000ns fall@5.000ns period=10.000ns})
  Path Group:             (none)
  Path Type:              Hold (Min at Fast Process Corner)
  Data Path Delay:        0.712ns  (logic 0.210ns (29.424%)  route 0.503ns (70.576%))
  Logic Levels:           1  (IBUF=1)
  Clock Path Skew:        1.988ns (DCD - SCD - CPR)
    Destination Clock Delay (DCD):    1.988ns
    Source Clock Delay      (SCD):    0.000ns
    Clock Pessimism Removal (CPR):    -0.000ns

    Location             Delay type                Incr(ns)  Path(ns)    Netlist Resource(s)
  -------------------------------------------------------------------    -------------------
    U18                                               0.000     0.000 r  i_reset
                         net (fo=0)                   0.000     0.000    i_reset
    U18                  IBUF (Prop_ibuf_I_O)         0.210     0.210 r  i_reset_IBUF_inst/O
                         net (fo=121, routed)         0.503     0.712    fifo_tx_inst/SR[0]
    SLICE_X2Y14          FDRE                                         r  fifo_tx_inst/count_reg_reg[2]/R
  -------------------------------------------------------------------    -------------------

                         (clock sys_clk_pin rise edge)
                                                      0.000     0.000 r  <hidden>
    W5                                                0.000     0.000 r  clk
                         net (fo=0)                   0.000     0.000    clk
    W5                   IBUF (Prop_ibuf_I_O)         0.414     0.414 r  clk_IBUF_inst/O
                         net (fo=1, routed)           0.685     1.099    clk_IBUF
    BUFGCTRL_X0Y0        BUFG (Prop_bufg_I_O)         0.029     1.128 r  clk_IBUF_BUFG_inst/O
                         net (fo=153, routed)         0.861     1.988    fifo_tx_inst/clk_IBUF_BUFG
    SLICE_X2Y14          FDRE                                         r  fifo_tx_inst/count_reg_reg[2]/C

Slack:                    inf
  Source:                 i_reset
                            (input port)
  Destination:            fifo_tx_inst/count_reg_reg[3]/R
                            (rising edge-triggered cell FDRE clocked by sys_clk_pin  {rise@0.000ns fall@5.000ns period=10.000ns})
  Path Group:             (none)
  Path Type:              Hold (Min at Fast Process Corner)
  Data Path Delay:        0.712ns  (logic 0.210ns (29.424%)  route 0.503ns (70.576%))
  Logic Levels:           1  (IBUF=1)
  Clock Path Skew:        1.988ns (DCD - SCD - CPR)
    Destination Clock Delay (DCD):    1.988ns
    Source Clock Delay      (SCD):    0.000ns
    Clock Pessimism Removal (CPR):    -0.000ns

    Location             Delay type                Incr(ns)  Path(ns)    Netlist Resource(s)
  -------------------------------------------------------------------    -------------------
    U18                                               0.000     0.000 r  i_reset
                         net (fo=0)                   0.000     0.000    i_reset
    U18                  IBUF (Prop_ibuf_I_O)         0.210     0.210 r  i_reset_IBUF_inst/O
                         net (fo=121, routed)         0.503     0.712    fifo_tx_inst/SR[0]
    SLICE_X2Y14          FDRE                                         r  fifo_tx_inst/count_reg_reg[3]/R
  -------------------------------------------------------------------    -------------------

                         (clock sys_clk_pin rise edge)
                                                      0.000     0.000 r  <hidden>
    W5                                                0.000     0.000 r  clk
                         net (fo=0)                   0.000     0.000    clk
    W5                   IBUF (Prop_ibuf_I_O)         0.414     0.414 r  clk_IBUF_inst/O
                         net (fo=1, routed)           0.685     1.099    clk_IBUF
    BUFGCTRL_X0Y0        BUFG (Prop_bufg_I_O)         0.029     1.128 r  clk_IBUF_BUFG_inst/O
                         net (fo=153, routed)         0.861     1.988    fifo_tx_inst/clk_IBUF_BUFG
    SLICE_X2Y14          FDRE                                         r  fifo_tx_inst/count_reg_reg[3]/C

Slack:                    inf
  Source:                 i_reset
                            (input port)
  Destination:            fifo_tx_inst/count_reg_reg[4]/R
                            (rising edge-triggered cell FDRE clocked by sys_clk_pin  {rise@0.000ns fall@5.000ns period=10.000ns})
  Path Group:             (none)
  Path Type:              Hold (Min at Fast Process Corner)
  Data Path Delay:        0.712ns  (logic 0.210ns (29.424%)  route 0.503ns (70.576%))
  Logic Levels:           1  (IBUF=1)
  Clock Path Skew:        1.988ns (DCD - SCD - CPR)
    Destination Clock Delay (DCD):    1.988ns
    Source Clock Delay      (SCD):    0.000ns
    Clock Pessimism Removal (CPR):    -0.000ns

    Location             Delay type                Incr(ns)  Path(ns)    Netlist Resource(s)
  -------------------------------------------------------------------    -------------------
    U18                                               0.000     0.000 r  i_reset
                         net (fo=0)                   0.000     0.000    i_reset
    U18                  IBUF (Prop_ibuf_I_O)         0.210     0.210 r  i_reset_IBUF_inst/O
                         net (fo=121, routed)         0.503     0.712    fifo_tx_inst/SR[0]
    SLICE_X3Y14          FDRE                                         r  fifo_tx_inst/count_reg_reg[4]/R
  -------------------------------------------------------------------    -------------------

                         (clock sys_clk_pin rise edge)
                                                      0.000     0.000 r  <hidden>
    W5                                                0.000     0.000 r  clk
                         net (fo=0)                   0.000     0.000    clk
    W5                   IBUF (Prop_ibuf_I_O)         0.414     0.414 r  clk_IBUF_inst/O
                         net (fo=1, routed)           0.685     1.099    clk_IBUF
    BUFGCTRL_X0Y0        BUFG (Prop_bufg_I_O)         0.029     1.128 r  clk_IBUF_BUFG_inst/O
                         net (fo=153, routed)         0.861     1.988    fifo_tx_inst/clk_IBUF_BUFG
    SLICE_X3Y14          FDRE                                         r  fifo_tx_inst/count_reg_reg[4]/C





